level,mode,path_set,cond,n,n_total,n_valid,n_active_vertices_mean,n_active_vertices_sd,n_active_edges_mean,n_active_edges_sd,n_source_requested_mean,n_source_requested_sd,n_target_requested_per_source_mean,n_target_requested_per_source_sd,long_min_hop_mean,long_min_hop_sd,n_sources_sampled_mean,n_sources_sampled_sd,n_ordered_source_target_pairs_mean,n_ordered_source_target_pairs_sd,mean_reachable_fraction_sampled_sources_mean,mean_reachable_fraction_sampled_sources_sd,n_paths_mean,n_paths_sd,path_length_q1_mean,path_length_q1_sd,path_length_q5_mean,path_length_q5_sd,path_length_q10_mean,path_length_q10_sd,path_length_q20_mean,path_length_q20_sd,path_length_q30_mean,path_length_q30_sd,path_length_q50_mean,path_length_q50_sd,path_length_q70_mean,path_length_q70_sd,path_length_q80_mean,path_length_q80_sd,path_length_q90_mean,path_length_q90_sd,path_length_q95_mean,path_length_q95_sd,path_length_q99_mean,path_length_q99_sd,path_length_mean_mean,path_length_mean_sd,path_length_sd_mean,path_length_sd_sd,bottleneck_w_q1_mean,bottleneck_w_q1_sd,bottleneck_w_q5_mean,bottleneck_w_q5_sd,bottleneck_w_q10_mean,bottleneck_w_q10_sd,bottleneck_w_q20_mean,bottleneck_w_q20_sd,bottleneck_w_q30_mean,bottleneck_w_q30_sd,bottleneck_w_q50_mean,bottleneck_w_q50_sd,bottleneck_w_q70_mean,bottleneck_w_q70_sd,bottleneck_w_q80_mean,bottleneck_w_q80_sd,bottleneck_w_q90_mean,bottleneck_w_q90_sd,bottleneck_w_q95_mean,bottleneck_w_q95_sd,bottleneck_w_q99_mean,bottleneck_w_q99_sd,bottleneck_w_mean_mean,bottleneck_w_mean_sd,bottleneck_w_sd_mean,bottleneck_w_sd_sd,min_support_q1_mean,min_support_q1_sd,min_support_q5_mean,min_support_q5_sd,min_support_q10_mean,min_support_q10_sd,min_support_q20_mean,min_support_q20_sd,min_support_q30_mean,min_support_q30_sd,min_support_q50_mean,min_support_q50_sd,min_support_q70_mean,min_support_q70_sd,min_support_q80_mean,min_support_q80_sd,min_support_q90_mean,min_support_q90_sd,min_support_q95_mean,min_support_q95_sd,min_support_q99_mean,min_support_q99_sd,min_support_mean_mean,min_support_mean_sd,min_support_sd_mean,min_support_sd_sd,mean_w2_q1_mean,mean_w2_q1_sd,mean_w2_q5_mean,mean_w2_q5_sd,mean_w2_q10_mean,mean_w2_q10_sd,mean_w2_q20_mean,mean_w2_q20_sd,mean_w2_q30_mean,mean_w2_q30_sd,mean_w2_q50_mean,mean_w2_q50_sd,mean_w2_q70_mean,mean_w2_q70_sd,mean_w2_q80_mean,mean_w2_q80_sd,mean_w2_q90_mean,mean_w2_q90_sd,mean_w2_q95_mean,mean_w2_q95_sd,mean_w2_q99_mean,mean_w2_q99_sd,mean_w2_mean_mean,mean_w2_mean_sd,mean_w2_sd_mean,mean_w2_sd_sd,n_samples_for_participant_mean,n_samples_for_participant_sd
sample graphwise,minimax,all,overall,1317,1317,1306,3746.5466970387242,429.2483961026159,12682.284738041002,1699.356527962646,100.0,0.0,100.0,0.0,4.0,0.0,99.16476841305999,9.100854184645481,8477.148823082764,869.5320785103904,0.5077773957854899,0.03370362205536211,8477.148823082764,869.5320785103904,2.0,0.0,2.0019142419601836,0.04146267528613249,2.9915773353751915,0.09138776365261693,3.0191424196018377,0.13702549899060706,3.6948698315467077,0.4602546301309085,4.23583460949464,0.42451931223343736,5.205130168453292,0.4363776374589372,5.921745788667688,0.5671200312663817,7.082235834609496,0.7857010171388548,8.18606431852986,1.0299390288817163,10.433568147013782,1.4978553766223055,4.654463652004662,0.28937499357397306,1.840635954846041,0.2950714452221257,0.06077949326775495,0.06498417367872505,0.12730122995210089,0.0998739507102829,0.18363175815391203,0.11999496408782849,0.25814767417660295,0.13457300078042547,0.3174757704722538,0.13922945924370714,0.4384929104055114,0.16002492388806488,0.5971722981142978,0.18404569720951358,0.6939674572361352,0.1776792207347154,0.813822691508553,0.1403936517798801,0.8896869397445085,0.10741121917372154,0.9609159083148788,0.055811037964753334,0.4699975855874733,0.12307190966545374,0.24088304442323358,0.05083287724395874,0.039084091685121156,0.055811037964753375,0.11031306025549131,0.10741121917372151,0.18617730849144698,0.1403936517798801,0.30603254276386493,0.17767922073471543,0.40282770188570205,0.18404569720951358,0.5615070895944886,0.16002492388806488,0.6825242295277462,0.13922945924370714,0.7418523258233971,0.13457300078042547,0.816368241846088,0.11999496408782848,0.872698770047899,0.09987395071028292,0.939220506732245,0.06498417367872504,0.5300024144125266,0.12307190966545374,0.24088304442323358,0.05083287724395874,0.003276234529757077,0.00795795132709933,0.00990958661527152,0.01829773985137146,0.017630333570382493,0.026617555571555256,0.0331459435141398,0.040192206169583425,0.05020300799879057,0.052351167549829776,0.09372173433976176,0.07478874893997955,0.16049871838474836,0.0987790862426964,0.2121202304654489,0.11217154478513552,0.29495122425066217,0.1272957671636581,0.37064728286459203,0.13560505696503072,0.5194267581586359,0.14682680433308806,0.12967810332178792,0.071476939574756,0.1196155232234176,0.0396351000428286,,
sample graphwise,minimax,all,cd,591,591,589,3769.3147208121827,352.13420247327184,12711.91708967851,1491.3159333595406,100.0,0.0,100.0,0.0,4.0,0.0,99.66159052453469,5.807445787387653,8531.192893401016,628.7111625424691,0.508882436415222,0.03528297033555994,8531.192893401016,628.7111625424691,2.0,0.0,2.00169779286927,0.041169289144251754,2.9915110356536503,0.09174367460853171,3.025466893039049,0.1575383458018614,3.768251273344652,0.42144608923521326,4.281833616298812,0.4498926861183074,5.235993208828523,0.4591956945161825,5.948726655348048,0.544288986508531,7.1179966044142615,0.7742121643131639,8.216383701188452,1.0356173140665645,10.428743633276738,1.4674426377977678,4.685265342888271,0.28467824570125194,1.847752807252265,0.2958511376565188,0.05084004576360887,0.061720017147391774,0.10656307614981105,0.09374513754004081,0.15615984383093875,0.11489587803225922,0.2261281011488334,0.13155978969126936,0.2860994473688961,0.13764497079729068,0.4092072057184238,0.16126966893563513,0.5698731103941228,0.19232463171392286,0.6711995132964396,0.1861488307922137,0.8025858123882121,0.14531178416789386,0.8872994257977518,0.10967680358126287,0.962831628275448,0.0539448608980218,0.4456625536638095,0.12442400712678783,0.2469972644853761,0.05071952153714111,0.037168371724551855,0.05394486089802177,0.11270057420224812,0.10967680358126286,0.19741418761178792,0.14531178416789386,0.32880048670356055,0.18614883079221373,0.4301268896058772,0.1923246317139229,0.5907927942815762,0.16126966893563513,0.713900552631104,0.13764497079729068,0.7738718988511666,0.13155978969126936,0.8438401561690613,0.1148958780322592,0.8934369238501889,0.09374513754004082,0.9491599542363911,0.06172001714739172,0.5543374463361905,0.12442400712678783,0.2469972644853761,0.05071952153714111,0.0026836082479459737,0.007695764093979604,0.0077213294377091075,0.01679977528335238,0.013800821758415528,0.0243301420848475,0.02638496925457638,0.03692678861137682,0.04090176250322885,0.048418649190163573,0.0802858425292609,0.07082401694540709,0.1440914055537254,0.0968771077002675,0.19443717409456981,0.11228204782839853,0.2773801500043545,0.1289805853021031,0.35476098826088437,0.13768556405251814,0.5068443132943262,0.14836891507182662,0.11780930524796178,0.06945480162068512,0.11634407910369168,0.040507398453638065,,
sample graphwise,minimax,all,uc,367,367,360,3717.7465940054494,576.5153883515256,12584.24795640327,2156.5527912022967,100.0,0.0,100.0,0.0,4.0,0.0,98.09264305177112,13.678365556415407,8381.912806539509,1230.4176814689451,0.5078623241061047,0.032050570675372765,8381.912806539509,1230.4176814689451,2.0,0.0,2.001388888888889,0.026315687946522802,2.9916666666666667,0.09090593428863096,3.022222222222222,0.14740554623801777,3.686111111111111,0.4640718202185818,4.258333333333334,0.43771819955562985,5.241388888888886,0.45847969043700076,5.986111111111111,0.6431920301545418,7.194166666666669,0.8791374402725001,8.338888888888889,1.1262715721889582,10.711111111111109,1.6790666682842543,4.68132492747334,0.3182894622852992,1.8884257785266363,0.32725771578690427,0.05575342503282403,0.05796633948838911,0.122103886806427,0.08823312277375528,0.1816657522188344,0.11021698797078107,0.2594607106263464,0.12644638302143754,0.3184157150556133,0.13310413958984926,0.43655561036797547,0.15580766739496368,0.595531147495757,0.1761209118787489,0.6903480718286117,0.16912463919046064,0.8028341198786134,0.14441442140850994,0.8728294040795126,0.11752329036555698,0.9492559486101183,0.0681782506885318,0.4667637422252074,0.11856890013396033,0.23728302137183946,0.05032039511645302,0.05074405138988178,0.06817825068853192,0.12717059592048732,0.11752329036555695,0.1971658801213866,0.14441442140850996,0.3096519281713883,0.16912463919046064,0.404468852504243,0.1761209118787489,0.5634443896320245,0.15580766739496368,0.6815842849443866,0.13310413958984926,0.7405392893736538,0.12644638302143757,0.8183342477811657,0.11021698797078104,0.8778961131935729,0.08823312277375528,0.944246574967176,0.05796633948838911,0.5332362577747927,0.11856890013396033,0.23728302137183946,0.05032039511645302,0.002704932963705052,0.006527328257569323,0.008642893361750963,0.015352917829893935,0.01615946146723455,0.0234757372703599,0.03152362190948442,0.03707493329024122,0.0483759930515646,0.04956854472317922,0.09133496077616778,0.07332480992618017,0.1574441481278185,0.09652335267762913,0.2083995487505229,0.1084340053832232,0.28907307058217757,0.12365565971105963,0.36157094763924336,0.13410995349289317,0.5046560882259952,0.14865390080460422,0.12646415154089946,0.06923155334117508,0.11690033796449796,0.039717168616125294,,
sample graphwise,minimax,all,nonibd,359,359,357,3738.5069637883007,360.92533403484305,12733.724233983286,1471.210338424201,100.0,0.0,100.0,0.0,4.0,0.0,99.44289693593315,7.443113769296591,8485.537604456824,749.1213632189581,0.5058685915100457,0.03255946136111585,8485.537604456824,749.1213632189581,2.0,0.0,2.0028011204481793,0.052851434913482376,2.991596638655462,0.0912838696739514,3.0056022408963585,0.07463816579537381,3.5826330532212887,0.4931245060989443,4.137254901960785,0.3441162504859656,5.117647058823529,0.35526777500800233,5.812324929971989,0.5032826981453327,6.910364145658264,0.6676428133526706,7.981932773109242,0.8747724256062206,10.161652661064428,1.2884774035316622,4.576558175536397,0.24921099036288535,1.7807027262962363,0.24521339871153058,0.08224649367256492,0.07159673954581924,0.16675729752070398,0.10884468958746328,0.23093909617312544,0.12311684553692516,0.309651414768896,0.1312481275747581,0.3682944658724452,0.13260134582002361,0.48876380136967806,0.14948355844744773,0.6438670762371489,0.16792112540056667,0.7351811763599141,0.1640443568483102,0.843442880832528,0.12259642971248821,0.910625198999518,0.08773636563871977,0.9695131812474796,0.04110291887919369,0.5134079985103128,0.11322453981489672,0.23442571299998405,0.0503865523780235,0.03048681875252032,0.04110291887919376,0.089374801000482,0.08773636563871975,0.15655711916747198,0.12259642971248827,0.2648188236400859,0.16404435684831023,0.35613292376285105,0.1679211254005667,0.511236198630322,0.1494835584474477,0.6317055341275548,0.13260134582002364,0.690348585231104,0.13124812757475807,0.7690609038268745,0.12311684553692516,0.833242702479296,0.1088446895874633,0.917753506327435,0.07159673954581924,0.48659200148968723,0.11322453981489672,0.23442571299998405,0.0503865523780235,0.004830087313413852,0.00936346315193358,0.014797242214295774,0.022092280342072265,0.025431724086858114,0.031180669734621604,0.04593655868657339,0.04507889933614032,0.06739112838502925,0.05691137906127246,0.11829590453382016,0.07653120782544047,0.19064872552751375,0.09722630890363643,0.2450467448066845,0.10843880460335995,0.32986858574010103,0.12103535275386523,0.406010050939408,0.12691457646592041,0.5550808231469523,0.13605228595178182,0.15250091762599918,0.07165211314872458,0.12775094977728219,0.036847777213667464,,
sample graphwise,minimax,long_hop_ge4,overall,1317,1317,1306,3746.5466970387242,429.2483961026159,12682.284738041002,1699.356527962646,100.0,0.0,100.0,0.0,4.0,0.0,99.16476841305999,9.100854184645481,8477.148823082764,869.5320785103904,0.5077773957854899,0.03370362205536211,3238.195140470767,422.577326292127,4.0,0.0,4.0,0.0,4.0,0.0,4.029709035222052,0.16942224459254235,4.382848392036753,0.4860817840154327,5.038284839203675,0.26553675600575216,5.873353751914242,0.5201989772496276,6.519908116385912,0.627339351792779,7.625421133231241,0.8648823351074716,8.70884379785605,1.112366224430963,10.853522205206735,1.616965186668357,5.48105746233075,0.327611507959037,1.6057359139200587,0.32981110291713905,0.09555534758069195,0.08539778659893382,0.1755464054271523,0.11534430806800064,0.23129475863152504,0.128592998296536,0.3057494703088669,0.13637930667619486,0.36675752667504957,0.1463938458255397,0.49216674694698154,0.17024607084633844,0.6485146760914253,0.183715551147228,0.735561586679041,0.1695822660199446,0.8337209764186979,0.1367460893836913,0.8944954117415517,0.10604179744443946,0.9595160919082745,0.05645492127744704,0.5136840819733435,0.1250224459671299,0.23291160058270913,0.054242695463431294,0.04048390809172544,0.056454921277446994,0.10550458825844812,0.10604179744443942,0.16627902358130206,0.1367460893836913,0.264438413320959,0.16958226601994464,0.35148532390857457,0.18371555114722798,0.5078332530530185,0.17024607084633847,0.6332424733249504,0.14639384582553971,0.6942505296911332,0.13637930667619483,0.768705241368475,0.128592998296536,0.8244535945728478,0.11534430806800064,0.9044446524193079,0.08539778659893385,0.4863159180266565,0.1250224459671299,0.23291160058270913,0.05424269546343129,0.006014347572161538,0.013203549140267232,0.015018338623211357,0.0242292891885905,0.02426461027357502,0.03279045018650787,0.04179791970240027,0.04578542889549449,0.0601620676543839,0.05673167202033028,0.1046388693280694,0.07676980519692517,0.16815700438117342,0.097647695108067,0.21444841490467406,0.10855950396767429,0.2856431009517836,0.12191984675543424,0.34791688672846255,0.13130363781497773,0.4628083939114792,0.144393869880773,0.13326450355404748,0.07299952471241744,0.10788149138703977,0.037489318332764615,,
sample graphwise,minimax,long_hop_ge4,cd,591,591,589,3769.3147208121827,352.13420247327184,12711.91708967851,1491.3159333595406,100.0,0.0,100.0,0.0,4.0,0.0,99.66159052453469,5.807445787387653,8531.192893401016,628.7111625424691,0.508882436415222,0.03528297033555994,3252.6192893401017,359.01566721583663,4.0,0.0,4.0,0.0,4.0,0.0,4.043803056027165,0.20399191516028947,4.465195246179966,0.49878715812611574,5.054329371816638,0.2802541294663952,5.914431239388795,0.5030422463756911,6.567062818336163,0.6175159981234549,7.664006791171477,0.8551818916848003,8.733616298811542,1.1223492803502713,10.863820033955854,1.5971222555024998,5.515962319167697,0.3223190933223056,1.6088761020113982,0.33073943130849814,0.0792414601238977,0.07747401595946189,0.14943420413732056,0.10890238734366416,0.20035479512426313,0.12455025208403493,0.2766607703212633,0.13514875751403965,0.3382499719228455,0.14640081746820582,0.46755805661435396,0.17292721665082847,0.6296004667191224,0.19207888625625846,0.7256362784738885,0.17560017334923275,0.8277096509721925,0.14283637835777582,0.8907769203712912,0.11085555188020162,0.9616276811678395,0.05431381178799512,0.4933174610255762,0.12679724096213185,0.2416235257703349,0.05435399134040637,0.03837231883216049,0.05431381178799508,0.10922307962870874,0.11085555188020156,0.1722903490278075,0.14283637835777582,0.2743637215261117,0.17560017334923275,0.3703995332808776,0.19207888625625844,0.532441943385646,0.17292721665082847,0.6617500280771544,0.14640081746820582,0.7233392296787368,0.13514875751403965,0.799645204875737,0.12455025208403492,0.8505657958626794,0.10890238734366416,0.9207585398761022,0.07747401595946198,0.5066825389744237,0.12679724096213185,0.24162352577033486,0.05435399134040637,0.004604581594207203,0.011689502999671036,0.011668643388316621,0.02122972956274737,0.019076346473709697,0.029089575927294203,0.034076823222592284,0.0415529997562976,0.05030608983225919,0.05224200825786346,0.09199199763177487,0.07360671968795282,0.15385141430349938,0.09721518428840945,0.1998758206376781,0.10938029816846424,0.2717457512456122,0.12469744524034407,0.33506600380873663,0.13465637869342573,0.45159380222991663,0.14768457218956613,0.12229223493730822,0.07139856303599888,0.10568415966470344,0.03891270355889759,,
sample graphwise,minimax,long_hop_ge4,uc,367,367,360,3717.7465940054494,576.5153883515256,12584.24795640327,2156.5527912022967,100.0,0.0,100.0,0.0,4.0,0.0,98.09264305177112,13.678365556415407,8381.912806539509,1230.4176814689451,0.5078623241061047,0.032050570675372765,3206.3133514986375,534.9742537912995,4.0,0.0,4.0,0.0,4.0,0.0,4.027777777777778,0.16433554953054486,4.363888888888889,0.4811172055041253,5.0472222222222225,0.2798671422013499,5.894444444444445,0.5476943817517842,6.563888888888889,0.6635982627471139,7.721111111111112,0.9520147576405711,8.843333333333334,1.2139513078281918,11.095027777777778,1.7793158795526987,5.5052194123241796,0.3531859280081134,1.6549703332242904,0.35946602313394416,0.09157445073000549,0.07764096345607122,0.1751108286090247,0.10616747550471009,0.2350836100821694,0.12094773859852025,0.3060782145487652,0.1320196920623821,0.3655975811397768,0.1430339786799592,0.4868875493464194,0.16869077436675395,0.6415685480561366,0.17787467284698946,0.7228477965915345,0.16673897720631203,0.820499022432421,0.13847468510157523,0.8810033713247978,0.11303168697324753,0.9472568681337824,0.0687786707750881,0.5082028486670122,0.12280981870184497,0.2276484079879088,0.05332870579380266,0.052743131866217714,0.06877867077508802,0.11899662867520197,0.11303168697324747,0.179500977567579,0.13847468510157526,0.27715220340846547,0.16673897720631203,0.35843145194386344,0.17787467284698946,0.5131124506535806,0.16869077436675398,0.6344024188602231,0.1430339786799592,0.6939217854512348,0.13201969206238207,0.7649163899178306,0.12094773859852025,0.8248891713909752,0.1061674755047101,0.9084255492699944,0.07764096345607123,0.49179715133298796,0.12280981870184497,0.2276484079879088,0.05332870579380266,0.005173297266122819,0.011229539930851606,0.013819300064995328,0.021868660910241863,0.023031128516278237,0.030393523860628328,0.04012211234171711,0.043105617832754066,0.05782785582220632,0.054464673334033535,0.10172538358168078,0.07522365616062063,0.16475849444054888,0.09524183683038943,0.2099686045074757,0.10649704315229065,0.2794286798706593,0.11929405309133793,0.33926816765121054,0.12876244364211162,0.4507264175263857,0.14436715830969155,0.12982998403761462,0.07100173546339893,0.10558849485112438,0.03751941923452829,,
sample graphwise,minimax,long_hop_ge4,nonibd,359,359,357,3738.5069637883007,360.92533403484305,12733.724233983286,1471.210338424201,100.0,0.0,100.0,0.0,4.0,0.0,99.44289693593315,7.443113769296591,8485.537604456824,749.1213632189581,0.5058685915100457,0.03255946136111585,3247.041782729805,385.83886245512633,4.0,0.0,4.0,0.0,4.0,0.0,4.008403361344538,0.0912838696739514,4.266106442577031,0.44192058539519086,5.002801120448179,0.2181999114190526,5.784313725490196,0.5087254267673498,6.397759103641457,0.5882086161750897,7.465266106442578,0.7606375398325348,8.53235294117647,0.9549059870269819,10.59299719887955,1.4272049558443074,5.399104345595186,0.29348235422144175,1.5509068894513685,0.2858050751822618,0.12648532679161334,0.09636166524578005,0.21906711751184946,0.12131910816240239,0.2785206745518199,0.12776661629528055,0.3534102444442595,0.12908461723978537,0.41496069233820476,0.13690394384449567,0.5380912000061415,0.15767363513070676,0.6867249713659086,0.16910619777706665,0.7647575837780249,0.1584843500249144,0.8569718843264049,0.12097089375902693,0.9142358206130221,0.08591874390858437,0.9683945078324578,0.04224217319018178,0.5528134481596579,0.11489319826424729,0.22384556528471627,0.05278377698345741,0.03160549216754208,0.042242173190181725,0.08576417938697786,0.08591874390858437,0.1430281156735952,0.12097089375902696,0.2352424162219752,0.15848435002491443,0.31327502863409135,0.1691061977770666,0.4619087999938586,0.15767363513070676,0.5850393076617952,0.1369039438444957,0.6465897555557406,0.12908461723978537,0.72147932544818,0.12776661629528055,0.7809328824881505,0.12131910816240242,0.8735146732083866,0.09636166524578003,0.44718655184034206,0.11489319826424729,0.22384556528471627,0.05278377698345741,0.009188381945240085,0.016464668374000867,0.021753981128283542,0.029264863035942414,0.03406836604597703,0.03825845547872482,0.05622653728350066,0.051351937187479484,0.078776877729497,0.061380877081828676,0.12844240517629735,0.07795057617876838,0.1951862932729797,0.09519566465214734,0.2430086103283493,0.10368711871433561,0.31483842466646045,0.11473025202346603,0.3778404410912898,0.12325822877591334,0.4934944051133672,0.13407194303504785,0.15483059106434235,0.07297137146375679,0.11381904639372221,0.03428160127550778,,
sample graphwise,minimum_hop,all,overall,1317,1317,1306,3746.5466970387242,429.2483961026159,12682.284738041002,1699.356527962646,100.0,0.0,100.0,0.0,4.0,0.0,99.16476841305999,9.100854184645481,8477.148823082764,869.5320785103904,0.5077773957854899,0.03370362205536211,8477.148823082764,869.5320785103904,1.996937212863706,0.05525763722103742,2.0,0.0,2.003062787136294,0.05525763722103742,3.0,0.0,3.0,0.0,3.001531393568147,0.03910304849863308,3.996554364471669,0.05694153956575383,4.0,0.0,4.107350689127106,0.3093606425930574,4.918797856049005,0.2730787160719666,5.297817764165391,0.45994879586167353,3.320414012626023,0.06642575293205344,0.8389285749700842,0.04120949058676914,0.13281869995758755,0.09668006394459833,0.2652855418053288,0.11266364453944026,0.33012124162345646,0.10714582491205916,0.3944881148636275,0.11110191828247609,0.44785088232536385,0.1287425997479542,0.5747003988134821,0.16325327290731717,0.7202824950645905,0.1639203831631028,0.7987875806769265,0.14246408366749075,0.8883453366646686,0.10334923196350133,0.9359709653870009,0.07197091831687338,0.977532258568291,0.037721756595039645,0.5878609287721367,0.11066242557838556,0.22060669354234033,0.044214345637657325,0.02246774143170892,0.03772175659503965,0.06402903461299922,0.07197091831687336,0.11165466333533146,0.10334923196350136,0.20121241932307352,0.14246408366749078,0.27971750493540937,0.16392038316310278,0.4252996011865178,0.16325327290731717,0.5521491176746361,0.12874259974795424,0.6055118851363726,0.11110191828247609,0.6698787583765436,0.10714582491205916,0.7347144581946711,0.11266364453944025,0.8671813000424122,0.09668006394459838,0.4121390712278634,0.11066242557838556,0.22060669354234033,0.044214345637657325,0.015103628405373997,0.02306053372971395,0.04231405713000116,0.04179892666823194,0.06136970376058148,0.05144097356000968,0.08939747936764249,0.06451887002197533,0.1165464461759466,0.07590126263899157,0.1787024177787784,0.0956135240634575,0.2587597391499614,0.11113066071768862,0.31325318487195,0.11729657079089699,0.39381676697979856,0.12387604268890778,0.4634229934739055,0.12898896565771692,0.6058057735768859,0.14171885862272193,0.2067209268561945,0.0863239676920808,0.13549405248012084,0.035554403400941695,,
sample graphwise,minimum_hop,all,cd,591,591,589,3769.3147208121827,352.13420247327184,12711.91708967851,1491.3159333595406,100.0,0.0,100.0,0.0,4.0,0.0,99.66159052453469,5.807445787387653,8531.192893401016,628.7111625424691,0.508882436415222,0.03528297033555994,8531.192893401016,628.7111625424691,1.99660441426146,0.058172637348087655,2.0,0.0,2.0033955857385397,0.05817263734808765,3.0,0.0,3.0,0.0,3.0033955857385397,0.05817263734808765,3.997453310696095,0.045997341881643686,4.0,0.0,4.103565365025467,0.3046958814828462,4.911629881154499,0.2836903166825448,5.291697792869269,0.46167095604874764,3.3200072702173915,0.06843788082097255,0.8390557844205849,0.0422304272520609,0.11505376112952834,0.09117840857567966,0.23878642093071623,0.11298001162479447,0.30739914159709486,0.10657105828306547,0.37553178554710026,0.1082258250826644,0.4273865689741411,0.12604926253740845,0.552671262769247,0.16870008055113597,0.6997369420282338,0.17190139756274486,0.78429145893324,0.14855332091724557,0.8847786090351271,0.10498781954442155,0.9364403767779372,0.07227164839977851,0.9779737780739821,0.04204541653937541,0.5700952156090331,0.11297358645066251,0.22658147265958906,0.04347681960259849,0.022026221926017976,0.042045416539375456,0.06355962322206252,0.07227164839977851,0.11522139096487297,0.10498781954442159,0.21570854106676007,0.14855332091724557,0.3002630579717663,0.1719013975627448,0.447328737230753,0.16870008055113597,0.5726134310258589,0.12604926253740847,0.6244682144528998,0.1082258250826644,0.6926008584029052,0.10657105828306547,0.7612135790692837,0.11298001162479449,0.8849462388704716,0.09117840857567965,0.429904784390967,0.11297358645066251,0.22658147265958906,0.043476819602598485,0.01213342385715931,0.021192838913180946,0.03529650582693394,0.03911511421716953,0.0526961541916251,0.04831828838276575,0.0784805762006534,0.060916771316334356,0.10393444662241955,0.07275885881207886,0.16352089916374546,0.09508759733858446,0.24206735856526782,0.11309566536189009,0.2980605916648023,0.11953458177496822,0.3815027676463723,0.12557623905926432,0.451813227084184,0.13039758735785165,0.5964954909256692,0.14410671168335734,0.19378508178267087,0.08576807034878324,0.1346616380158278,0.03636366060423889,,
sample graphwise,minimum_hop,all,uc,367,367,360,3717.7465940054494,576.5153883515256,12584.24795640327,2156.5527912022967,100.0,0.0,100.0,0.0,4.0,0.0,98.09264305177112,13.678365556415407,8381.912806539509,1230.4176814689451,0.5078623241061047,0.032050570675372765,8381.912806539509,1230.4176814689451,1.9944444444444445,0.07432826755699806,2.0,0.0,2.0,0.0,3.0,0.0,3.0,0.0,3.0,0.0,3.9944444444444445,0.07432826755699806,4.0,0.0,4.097777777777777,0.2962648131421832,4.936111111111111,0.24455489928732177,5.277083333333334,0.44697575592965766,3.3197568451042123,0.0652599539657821,0.8375426240136995,0.040834403124193286,0.1251745516391993,0.08662420162316588,0.2658668840467552,0.09969871680830082,0.3289537072843034,0.09861455009403841,0.3903830415886653,0.10584019663079824,0.44301328205323404,0.12461742262342201,0.5716256554800296,0.15817987752529994,0.7163835368730744,0.15854277400596511,0.7903727390402083,0.14516511892219103,0.8721511159418428,0.11421347511919062,0.9215648348731276,0.0814379543599637,0.9717936696468844,0.04023694801239559,0.5822802545149072,0.10719437947713899,0.21722282546136593,0.04578233495833714,0.02820633035311558,0.04023694801239561,0.07843516512687237,0.08143795435996368,0.12784888405815723,0.11421347511919065,0.20962726095979167,0.14516511892219103,0.28361646312692557,0.15854277400596511,0.4283743445199703,0.15817987752529994,0.5569867179467659,0.12461742262342203,0.6096169584113347,0.10584019663079824,0.6710462927156967,0.0986145500940384,0.7341331159532447,0.09969871680830081,0.8748254483608005,0.08662420162316582,0.4177197454850928,0.10719437947713899,0.2172228254613659,0.04578233495833714,0.013007055304175416,0.019516823924828335,0.040547720779078755,0.03807200037187767,0.0594349612000247,0.04780555596185836,0.0865491153697371,0.06076939436692488,0.11316209679751678,0.07230878859504512,0.17504407019331247,0.09137484127227384,0.2550459774916307,0.10639170127231334,0.306650926674094,0.11425113623577754,0.3829083361318309,0.12502055260014389,0.4508490292278479,0.130604960459844,0.5898608067606077,0.14450192567818412,0.2018702146450547,0.08330968128248328,0.1321821508482654,0.03668752662630854,,
sample graphwise,minimum_hop,all,nonibd,359,359,357,3738.5069637883007,360.92533403484305,12733.724233983286,1471.210338424201,100.0,0.0,100.0,0.0,4.0,0.0,99.44289693593315,7.443113769296591,8485.537604456824,749.1213632189581,0.5058685915100457,0.03255946136111585,8485.537604456824,749.1213632189581,2.0,0.0,2.0,0.0,2.0056022408963585,0.07463816579537381,3.0,0.0,3.0,0.0,3.0,0.0,3.9971988795518207,0.052851434913482376,4.0,0.0,4.1232492997198875,0.3287231507491451,4.913165266106443,0.2815927251957914,5.3288235294117685,0.4683396558950618,3.3217477705715046,0.06416378796111456,0.840116294796285,0.039816247522417414,0.16983674579609354,0.10469501848543988,0.30841915241662665,0.11105103519562398,0.3687868698520899,0.1053794279556433,0.42990297297685115,0.11256727227864172,0.486492385579809,0.1286588075984405,0.6141459694860238,0.1514822379053883,0.7581115025922096,0.148505188321767,0.8311897058765063,0.12296713462176773,0.9105602443229802,0.08339887741136645,0.9497236927700052,0.056964303878686354,0.9825906255790877,0.02443504584715324,0.622799437975696,0.101894452793246,0.2141614487498789,0.042512679849959364,0.017409374420912196,0.024435045847153107,0.050276307229994655,0.05696430387868629,0.08943975567701978,0.08339887741136645,0.16881029412349388,0.12296713462176774,0.2418884974077904,0.148505188321767,0.3858540305139762,0.1514822379053883,0.5135076144201909,0.1286588075984405,0.5700970270231488,0.11256727227864172,0.6312131301479101,0.10537942795564328,0.6915808475833732,0.11105103519562398,0.8301632542039061,0.10469501848544008,0.377200562024304,0.101894452793246,0.2141614487498789,0.042512679849959364,0.02211824127744666,0.02742460957971041,0.05567321344327471,0.04628977193002734,0.0776308466679085,0.05596113074627858,0.11028114044496046,0.0688543342571977,0.14076726834194708,0.07879098819149759,0.20743888723262194,0.09427155040219404,0.2900447989857698,0.10587825774859182,0.3449765752087516,0.11029032753307501,0.4251332395642704,0.11404994235109583,0.4952571098103948,0.11923539978603882,0.6372453941243003,0.1294877756688503,0.2329547339831293,0.08448232035345049,0.14020715249955085,0.032421121437935324,,
sample graphwise,minimum_hop,long_hop_ge4,overall,1317,1317,1306,3746.5466970387242,429.2483961026159,12682.284738041002,1699.356527962646,100.0,0.0,100.0,0.0,4.0,0.0,99.16476841305999,9.100854184645481,8477.148823082764,869.5320785103904,0.5077773957854899,0.03370362205536211,3238.195140470767,422.577326292127,4.0,0.0,4.0,0.0,4.0,0.0,4.0,0.0,4.0,0.0,4.0,0.0,4.008422664624809,0.09138776365261694,4.440428790199082,0.4955741019915111,4.9992343032159265,0.02766063073229471,5.038744257274119,0.19223944316494612,5.81572741194487,0.4091551439507101,4.219965821562566,0.05028402026938969,0.46172156725543406,0.06207516521634732,0.24363473667345764,0.10320043354571928,0.339000768095976,0.09903574542993875,0.3780541753654542,0.10379509007020005,0.4374175239896412,0.1234004535072088,0.49647966411409966,0.14603984128076689,0.6289519185446525,0.17228895951716997,0.7594555076963053,0.1587553499012543,0.8270405890559007,0.1373526508030778,0.8994120824788268,0.10048443132371737,0.9405791765077657,0.06974966873924925,0.9764944570875854,0.0392946152438635,0.6303547074015846,0.11318877653243564,0.20529776316685375,0.04559110654900588,0.023505542912414603,0.03929461524386349,0.05942082349223423,0.06974966873924918,0.10058791752117328,0.10048443132371737,0.1729594109440995,0.13735265080307782,0.24054449230369473,0.1587553499012543,0.37104808145534757,0.17228895951716997,0.5035203358859002,0.14603984128076689,0.5625824760103589,0.12340045350720878,0.6219458246345458,0.10379509007020005,0.660999231904024,0.09903574542993876,0.7563652633265423,0.1032004335457193,0.36964529259841544,0.11318877653243564,0.20529776316685375,0.04559110654900588,0.0298231396435853,0.030119638120568608,0.05444695456880481,0.04435131032506209,0.07167871169301482,0.05369086749034033,0.10001066590708263,0.06611563738946306,0.12721648655881582,0.07641876490737368,0.18479823028245002,0.09225825342598284,0.2537026963107564,0.1047629352028324,0.2994091035823345,0.11072059222341923,0.3659887364176124,0.11963257355647673,0.42171958015764605,0.12518544800773135,0.5281537174468908,0.13648488440877465,0.20423738280914747,0.08483810394730817,0.11652810296850712,0.032920811629568676,,
sample graphwise,minimum_hop,long_hop_ge4,cd,591,591,589,3769.3147208121827,352.13420247327184,12711.91708967851,1491.3159333595406,100.0,0.0,100.0,0.0,4.0,0.0,99.66159052453469,5.807445787387653,8531.192893401016,628.7111625424691,0.508882436415222,0.03528297033555994,3252.6192893401017,359.01566721583663,4.0,0.0,4.0,0.0,4.0,0.0,4.0,0.0,4.0,0.0,4.0,0.0,4.01018675721562,0.10041407865956704,4.4529711375212235,0.4971007633732261,5.0,0.0,5.044142614601019,0.20541188908435803,5.82830220713073,0.4064987824261882,4.220915418305699,0.05062271460010084,0.46303002736714355,0.06214355835216022,0.21888885670555192,0.1006452376412515,0.32020301584930666,0.09645543598191489,0.36117707292383056,0.10149394717109592,0.418281064549521,0.12055756074910741,0.47700116686273275,0.14773211338271316,0.6074644907019879,0.18157333547379487,0.7422192405262124,0.16590055620712105,0.8148870962652488,0.14280574073136384,0.897377169059833,0.10390091926609853,0.9406538623614402,0.07097746195117459,0.976983065401626,0.04394324357220103,0.6144424928819011,0.11598143072847654,0.21152708537326936,0.04521561074156869,0.023016934598374016,0.04394324357220103,0.0593461376385599,0.07097746195117456,0.10262283094016708,0.10390091926609853,0.18511290373475126,0.14280574073136387,0.25778075947378765,0.16590055620712102,0.392535509298012,0.18157333547379487,0.5229988331372671,0.1477321133827132,0.5817189354504789,0.12055756074910741,0.6388229270761696,0.10149394717109592,0.6797969841506932,0.09645543598191492,0.781111143294448,0.1006452376412515,0.3855575071180989,0.11598143072847654,0.21152708537326936,0.045215610741568685,0.02477967860093726,0.027301379970851983,0.04700583026088682,0.040823128006321215,0.0625263526937751,0.04969655449409228,0.08868630418338684,0.0626242815462048,0.11473905688834295,0.07397360379511037,0.17054260490978654,0.0924840347600587,0.23922707849512861,0.1065953188791521,0.2861678954632826,0.11271031670912462,0.35388417221060586,0.12099019359228042,0.4105987443636048,0.1274258546710755,0.5190047993639068,0.1391635280128574,0.1919756008177187,0.0844535900265204,0.11606891803010315,0.0339020998315579,,
sample graphwise,minimum_hop,long_hop_ge4,uc,367,367,360,3717.7465940054494,576.5153883515256,12584.24795640327,2156.5527912022967,100.0,0.0,100.0,0.0,4.0,0.0,98.09264305177112,13.678365556415407,8381.912806539509,1230.4176814689451,0.5078623241061047,0.032050570675372765,3206.3133514986375,534.9742537912995,4.0,0.0,4.0,0.0,4.0,0.0,4.0,0.0,4.0,0.0,4.0,0.0,4.011111111111111,0.10482201257840672,4.411111111111112,0.4906785425293894,4.997222222222222,0.052631375893045604,5.0401388888888885,0.1945257270585408,5.8025,0.4205470973756834,4.217200108983894,0.050369573540360146,0.4575144766385648,0.06252491052009496,0.2448729029630114,0.09113243978773135,0.33621338273560103,0.09361116754028294,0.37461105135367584,0.0982498675514388,0.4336407107656342,0.11947074190424554,0.4902934529395879,0.14240677949113328,0.626886747896894,0.16469744988171342,0.7505513166814751,0.15536488686864383,0.8143880497542345,0.14006905117828733,0.8811750019903785,0.1080288946676974,0.9264073950494648,0.07847133204475623,0.9704348149509415,0.041378727738447516,0.6236808128927284,0.1104264296444077,0.20069502340038123,0.04738185520885682,0.029565185049058324,0.04137872773844749,0.07359260495053506,0.07847133204475608,0.11882499800962142,0.10802889466769741,0.18561195024576543,0.14006905117828733,0.2494486833185251,0.15536488686864383,0.37311325210310603,0.16469744988171342,0.5097065470604121,0.14240677949113328,0.5663592892343658,0.11947074190424553,0.6253889486463242,0.09824986755143879,0.6637866172643989,0.09361116754028294,0.7551270970369887,0.09113243978773138,0.37631918710727175,0.11042642964440769,0.20069502340038123,0.04738185520885682,0.028117319862382997,0.027156694230507903,0.05268055893075769,0.04122838327709259,0.06962979164582057,0.05026179127118205,0.09763075896873284,0.06255648465674016,0.1243495921439879,0.07302533065758943,0.18158847140537998,0.08760812438400012,0.2489922711600894,0.10151690342105824,0.29197865229791153,0.1086959007192174,0.3557159179773919,0.12033678546155757,0.40957119507704093,0.1261454942800139,0.5125661218063299,0.13814290212711158,0.199476007696585,0.08207557837424596,0.11309339769782202,0.03383693097671949,,
sample graphwise,minimum_hop,long_hop_ge4,nonibd,359,359,357,3738.5069637883007,360.92533403484305,12733.724233983286,1471.210338424201,100.0,0.0,100.0,0.0,4.0,0.0,99.44289693593315,7.443113769296591,8485.537604456824,749.1213632189581,0.5058685915100457,0.03255946136111585,3247.041782729805,385.83886245512633,4.0,0.0,4.0,0.0,4.0,0.0,4.0,0.0,4.0,0.0,4.0,0.0,4.002801120448179,0.05285143491348238,4.449299719887955,0.4967466282613271,5.0,0.0,5.028431372549019,0.16512385274955085,5.808319327731092,0.40119705894065105,4.221188073793985,0.04952491801147635,0.46380523564836434,0.061300778995253165,0.28321340176269333,0.10628394888977649,0.372825235331335,0.099795828944024,0.409371088481299,0.10592435311034124,0.4727985530397066,0.12435422655375904,0.5348546526403728,0.13938064470459313,0.6664856900643231,0.15706031874469487,0.7968719506333463,0.1431079747490345,0.8598510131519611,0.11875874039687638,0.9211597378839491,0.08089213547375873,0.9547468273681975,0.05360122733106106,0.9817988853010918,0.025895231758521903,0.6633376104135785,0.10405846626636055,0.19966167223226375,0.04300888506412728,0.018201114698908064,0.025895231758521892,0.04525317263180252,0.05360122733106104,0.07884026211605095,0.08089213547375876,0.1401489868480389,0.1187587403968764,0.20312804936665363,0.1431079747490345,0.3335143099356769,0.15706031874469487,0.46514534735962726,0.13938064470459313,0.5272014469602935,0.12435422655375904,0.590628911518701,0.10592435311034122,0.6271747646686651,0.099795828944024,0.7167865982373067,0.10628394888977649,0.3366623895864215,0.10405846626636056,0.19966167223226375,0.04300888506412728,0.03986429839807415,0.0346351232487841,0.0685050068014677,0.049398544718022554,0.08884496006148015,0.05904557778966193,0.12109418286244049,0.07009177804923072,0.1506934839404589,0.07836841679277687,0.21155474720190098,0.09068962621689292,0.28233544686438344,0.09911402835770237,0.32874813451934815,0.10376819512473966,0.39631871668765806,0.11106085221849335,0.45231787402797696,0.11491394890553272,0.5589667347619596,0.12497282871313224,0.22926899242672194,0.08289980942738372,0.12074926214544426,0.02972978223336538,,
participant average,minimax,all,overall,106,106,106,3750.93456947641,188.86165073505524,12698.988418766612,869.4918787876146,100.0,0.0,100.0,0.0,4.0,0.0,99.23509973756074,3.0122818702738536,8481.089795219556,298.8416261329618,0.5074854117055047,0.018866448181210846,8481.089795219556,298.8416261329618,2.0,0.0,2.0018963217076426,0.01180476224559989,2.993406268112671,0.022619307018359187,3.022221994442474,0.051363983664192155,3.6986518834076336,0.2723610584176057,4.244717138459313,0.21554605412714126,5.2060705965484395,0.22219727260086916,5.912947045809687,0.34342454325521304,7.077093464057701,0.4353339080776883,8.185896575078305,0.5453692578217301,10.43299614403301,0.7360787393245547,4.654835700389673,0.18345783740953345,1.8393611492288062,0.15986905519087877,0.06557728008139894,0.055552918474533045,0.13400035112659617,0.08207295804117626,0.19077059259479215,0.10018046961538736,0.26441047100169307,0.11355560333091279,0.32164149298334027,0.1134779219391789,0.43925190378837364,0.11283252663930028,0.5952100394077712,0.11534661884165402,0.6915845587189411,0.10797278466068255,0.8119066487950027,0.0831616744681423,0.8879082793026131,0.06126514587435832,0.9605903696886813,0.027511711416691162,0.4715919425839979,0.08993577373914804,0.23771047641851795,0.036524058824859526,0.03940963031131876,0.02751171141669122,0.11209172069738675,0.06126514587435831,0.18809335120499743,0.0831616744681423,0.3084154412810591,0.10797278466068255,0.4047899605922288,0.11534661884165404,0.5607480962116264,0.11283252663930028,0.6783585070166598,0.11347792193917888,0.7355895289983069,0.1135556033309128,0.8092294074052079,0.10018046961538736,0.8659996488734037,0.08207295804117626,0.934422719918601,0.05555291847453303,0.528408057416002,0.08993577373914804,0.23771047641851797,0.036524058824859526,0.003737268885322701,0.006899842210189025,0.010966091895309841,0.015616208771195258,0.01915653377991381,0.02280467380839324,0.03518894353484686,0.03428051328983319,0.052482966823313784,0.044064885738802385,0.0957962373178426,0.059911465140798446,0.16185048614312014,0.0730709837546304,0.21286936677360901,0.07918185863861399,0.2947349292440446,0.0853193524534506,0.3694952178605485,0.08799883096389097,0.5172818866051122,0.08899627108480082,0.13098670078651264,0.05430830616834868,0.11874772424338358,0.023648182155614567,12.424528301886792,5.259220318869191
participant average,minimax,all,cd,50,50,50,3765.552897793581,201.021870785142,12694.097231177013,920.9384018202826,100.0,0.0,100.0,0.0,4.0,0.0,99.6,2.8000000000000003,8524.507438278128,298.7260960036792,0.5083729238321919,0.022050115891233305,8524.507438278128,298.7260960036792,2.0,0.0,2.002,0.014000000000000009,2.993023923444976,0.024364562839215894,3.0274582347178254,0.06042895224196649,3.764917496720835,0.24834835590118184,4.287720515362055,0.23177784282312566,5.233967053362127,0.24683659391238733,5.933593456729479,0.3474293058912422,7.10872992981204,0.4325557986908923,8.205576915029448,0.5434887934309238,10.395448476262223,0.7207638753171306,4.681518881535412,0.18468582450549018,1.8432873778032677,0.16002116880388642,0.05836353249120732,0.06091988657946097,0.11729788245476186,0.09067274888662781,0.16771605985937288,0.11148461720077937,0.2366490103765904,0.12671206940375448,0.294841418516854,0.12591831513362353,0.41725318679242035,0.12191629150145941,0.576029469041305,0.12163651186246592,0.6771183788036736,0.11076786646051626,0.8067958772627171,0.08077314682086106,0.8893922806146628,0.05711309985998728,0.9639681043216978,0.0238783019060305,0.4531220804576557,0.09804581673862345,0.24460288748341463,0.03708739577430104,0.03603189567830221,0.023878301906030495,0.11060771938533709,0.05711309985998725,0.19320412273728288,0.08077314682086105,0.3228816211963263,0.11076786646051627,0.42397053095869486,0.12163651186246593,0.5827468132075797,0.12191629150145943,0.705158581483146,0.12591831513362353,0.7633509896234096,0.12671206940375448,0.8322839401406271,0.11148461720077937,0.8827021175452381,0.09067274888662781,0.9416364675087925,0.06091988657946095,0.5468779195423443,0.09804581673862345,0.24460288748341458,0.03708739577430104,0.003441918945149381,0.007888858662407497,0.009524473563261153,0.017356254986200324,0.016384675720738227,0.025183142032621734,0.029940282675579438,0.03765232786738899,0.04514855764162327,0.048250949072195654,0.08547288282110976,0.06536101060932482,0.1496462766813786,0.07948528551841343,0.2001127881079438,0.08580474006486757,0.2830674802759961,0.09206250856027898,0.3598614239895692,0.09490567119383901,0.5119693321729574,0.09345357188626521,0.12236662682727176,0.059489893277221734,0.1171596486145347,0.024612739870012255,11.82,4.8070365091186895
participant average,minimax,all,uc,30,30,30,3722.6066341499272,194.08012574823223,12603.395453545934,881.9347642316061,100.0,0.0,100.0,0.0,4.0,0.0,98.40846351715918,3.887633551317692,8402.267757424444,335.328045688543,0.5062749281091217,0.011836789283232847,8402.267757424444,335.328045688543,2.0,0.0,2.001851851851852,0.009972527420619418,2.994257795344752,0.01817666258886486,3.028208534621578,0.05083213327330863,3.682350661931359,0.2639610125863231,4.260661607565296,0.21436937613253484,5.235250763430192,0.2192643833569605,5.961174476700119,0.3840494102472245,7.156646784027659,0.49448451876205657,8.303545262064578,0.5773584581479698,10.691518530005512,0.7333250923756063,4.673587109389137,0.19502428522140117,1.8779406427749303,0.16767282902344147,0.06322986549611098,0.046759755880197366,0.1343632106983593,0.06442041113035418,0.19531168436333227,0.07842778989350664,0.2721668138445603,0.09049951398984799,0.3285486139356799,0.0943600885287759,0.4400789462507169,0.09719861411252854,0.5920412668314773,0.10198621211057281,0.683629131825789,0.09867014454716834,0.7966109444130676,0.08701388876432206,0.8688997538554969,0.06993819356839602,0.9488517683021823,0.03341815237466008,0.4702455807050433,0.07589095118359533,0.2306052038092958,0.03445170307818655,0.0511482316978178,0.033418152374660205,0.13110024614450297,0.06993819356839603,0.20338905558693246,0.0870138887643221,0.31637086817421106,0.09867014454716834,0.40795873316852277,0.10198621211057281,0.5599210537492831,0.09719861411252857,0.6714513860643201,0.09436008852877589,0.7278331861554397,0.090499513989848,0.8046883156366678,0.07842778989350664,0.8656367893016407,0.06442041113035415,0.9367701345038889,0.04675975588019736,0.5297544192949568,0.07589095118359532,0.2306052038092958,0.03445170307818655,0.003289802798190082,0.005451737272279885,0.010280298050157337,0.012605673705019079,0.01871648425982134,0.018866015714954974,0.03524738929084477,0.028907839532476234,0.05285216686370859,0.03786624170772356,0.09606612921516249,0.05281251250444659,0.16098235363686653,0.06368398104578066,0.21054297172135783,0.06842040746171703,0.28881920793719185,0.07355859572697526,0.3592560968351686,0.07701427160349271,0.49899859806634883,0.08147889758340598,0.12928090531663136,0.04669940875918494,0.1152384263705001,0.021586214804433436,12.233333333333333,5.684384067093129
participant average,minimax,all,nonibd,26,26,26,3755.5084788585623,151.2866989142446,12818.694124001233,727.1959357949429,100.0,0.0,100.0,0.0,4.0,0.0,99.4871794871795,1.8356180850354293,8488.542832947433,227.79650583530807,0.507175369457702,0.01873954545095788,8488.542832947433,227.79650583530807,2.0,0.0,2.0017482517482517,0.008741258741258733,2.9931590148981453,0.023704205628656553,3.0052447552447554,0.01923076923076921,3.5900271133548722,0.2878780981829604,4.143620872370212,0.13787847425511235,5.118754140889328,0.13615431507999817,5.817595373782665,0.25675705632618456,6.924461814564789,0.3133177634065259,8.012301282495791,0.4615992574138315,10.20690813670087,0.6770850141876175,4.581885649340792,0.14366482215657939,1.7872959094170062,0.13437798529577955,0.08215842689171514,0.05040529960234949,0.1657017990665509,0.07294721915303261,0.2298665111992061,0.08569307623655036,0.3088482689235823,0.09337106330948475,0.3652103427815758,0.0916522703551782,0.48060284901634936,0.09888292262326852,0.6357520277005448,0.10689223675033781,0.728583474201938,0.10419230101199232,0.8393839452593228,0.07640207994753462,0.9069873446030365,0.050994859804848726,0.9676392662249944,0.021681950858123324,0.5086644026872963,0.07623296183968226,0.23265423122743464,0.035338401124895884,0.032360733775005555,0.02168195085812342,0.09301265539696349,0.0509948598048487,0.1606160547406773,0.07640207994753463,0.2714165257980618,0.10419230101199234,0.36424797229945494,0.10689223675033784,0.5193971509836506,0.09888292262326853,0.6347896572184241,0.0916522703551782,0.6911517310764176,0.09337106330948478,0.7701334888007939,0.08569307623655034,0.8342982009334491,0.07294721915303264,0.9178415731082848,0.05040529960234946,0.49133559731270365,0.07623296183968223,0.23265423122743464,0.035338401124895884,0.004821556563116724,0.006208385858123182,0.014529735432117894,0.014639925453581152,0.02499477949381971,0.020996449273506152,0.045215084699594336,0.030772340048882907,0.06616159981841693,0.0386502717274253,0.11533742839157515,0.05111738310519263,0.18632181107676185,0.06366025488144587,0.2400855508063319,0.07029455135024092,0.32399816338281406,0.07730886050782504,0.3998361149494084,0.07865000863425795,0.5485944395962907,0.08009151510224691,0.14953199163491585,0.04703249781253389,0.1258509056906508,0.022534924645899804,13.807692307692308,5.327860234142428
participant average,minimax,long_hop_ge4,overall,106,106,106,3750.93456947641,188.86165073505524,12698.988418766612,869.4918787876146,100.0,0.0,100.0,0.0,4.0,0.0,99.23509973756074,3.0122818702738536,8481.089795219556,298.8416261329618,0.5074854117055047,0.018866448181210846,3243.3761912610503,163.66308409489923,4.0,0.0,4.0,0.0,4.0,0.0,4.028063371932598,0.06073417652061613,4.383406321413513,0.2537629017707607,5.0351608530893825,0.1046523700368011,5.865939116665776,0.321237219798737,6.518091847017279,0.35256355288447844,7.625522376527648,0.48598613142411085,8.700338915833457,0.5742634844764505,10.865969233811937,0.7639505843419887,5.478796652772374,0.20614248811743224,1.6048821343213082,0.17495874502702696,0.1013039327923298,0.06961624130272911,0.18245353122795965,0.09558214591384769,0.23778414909211656,0.10766648777483323,0.31031239079745265,0.11055689391858892,0.36958405682936696,0.1100639644092961,0.49131479205746453,0.11095859727644865,0.6457157791631131,0.10893497674476778,0.7332559733006513,0.10185128488832414,0.8320192375575108,0.07889952799860692,0.8922114566989003,0.05784740559015369,0.958990871059135,0.028206811303473592,0.514404523470875,0.08744461574303863,0.22984708002771875,0.03980036136409513,0.041009128940864954,0.028206811303473526,0.1077885433010995,0.05784740559015366,0.16798076244248944,0.07889952799860693,0.26674402669934855,0.10185128488832415,0.3542842208368868,0.10893497674476775,0.5086852079425356,0.11095859727644866,0.6304159431706331,0.1100639644092961,0.6896876092025475,0.1105568939185889,0.7622158509078837,0.10766648777483323,0.8175464687720404,0.09558214591384771,0.8986960672076701,0.06961624130272914,0.48559547652912505,0.08744461574303865,0.22984708002771875,0.03980036136409513,0.0066401159514289,0.01078308057057291,0.01633748268888982,0.020345145367596407,0.025958823742100786,0.027745678953659335,0.04386672910756155,0.03844634988417937,0.06233238112981112,0.046719876547060286,0.10657406234118845,0.059521269127067816,0.1695876018534716,0.0700113842944254,0.21542627422364677,0.07472597595078037,0.285785082699883,0.07937217499989782,0.3470398599650586,0.08266762344007501,0.46101417666607325,0.08597842908631816,0.13463909602540744,0.054406652933037085,0.10712354646536579,0.021348580180564646,12.424528301886792,5.259220318869191
participant average,minimax,long_hop_ge4,cd,50,50,50,3765.552897793581,201.021870785142,12694.097231177013,920.9384018202826,100.0,0.0,100.0,0.0,4.0,0.0,99.6,2.8000000000000003,8524.507438278128,298.7260960036792,0.5083729238321919,0.022050115891233305,3253.734256924273,174.28743721490426,4.0,0.0,4.0,0.0,4.0,0.0,4.041348774548465,0.07546566219457708,4.456779626439877,0.2683856654837133,5.046835377377442,0.12269419789178586,5.911823689980171,0.3182532400248601,6.564197072412042,0.36709741909961896,7.676442551353914,0.4921030576741207,8.72941729403992,0.5590317596282279,10.866111025833916,0.7813487951917456,5.51331755569564,0.2115879430114308,1.6092093757759187,0.1763388053412813,0.08759904409062852,0.07435549042250902,0.15954381978525314,0.10501790561951559,0.21031986838444947,0.11919495789122561,0.28522237243501375,0.1216415316739288,0.3460014464317216,0.1194577487730707,0.4738911478473769,0.11832823052853758,0.6337125658800445,0.11342217689381871,0.7306827145128503,0.1009102504273146,0.831323417114185,0.07429476328742086,0.8921483933172237,0.05571043065551564,0.9625696239957439,0.02295442134120594,0.49956048599257263,0.09371055752934174,0.239161956029488,0.040513625057305054,0.03743037600425608,0.022954421341205858,0.10785160668277607,0.055710430655515585,0.16867658288581505,0.07429476328742088,0.2693172854871497,0.1009102504273146,0.36628743411995546,0.11342217689381869,0.526108852152623,0.11832823052853758,0.6539985535682783,0.11945774877307072,0.7147776275649862,0.1216415316739288,0.7896801316155505,0.11919495789122563,0.8404561802147467,0.1050179056195156,0.9124009559093715,0.07435549042250908,0.5004395140074274,0.09371055752934174,0.239161956029488,0.040513625057305054,0.005693518709529056,0.011609626142393047,0.013762249528148529,0.021724996945773487,0.021823831158023263,0.029792796107601157,0.03760871876294307,0.04139474229443559,0.05444111938224708,0.050357440828484666,0.09694026562675406,0.06463827776342015,0.15897861605083188,0.0766560044911917,0.20513966874957595,0.08188298524036652,0.2769373972625221,0.08698106749481582,0.33962266324332013,0.09026778189022595,0.4563265519396461,0.09356208181274406,0.1266446066736657,0.05958702781285632,0.10634755558693483,0.022838906601693583,11.82,4.8070365091186895
participant average,minimax,long_hop_ge4,uc,30,30,30,3722.6066341499272,194.08012574823223,12603.395453545934,881.9347642316061,100.0,0.0,100.0,0.0,4.0,0.0,98.40846351715918,3.887633551317692,8402.267757424444,335.328045688543,0.5062749281091217,0.011836789283232847,3227.9977874562214,152.71784929575313,4.0,0.0,4.0,0.0,4.0,0.0,4.024641943734015,0.05031409402409207,4.34674737721211,0.20525497219064598,5.043983215550048,0.09070206015225286,5.852228319035427,0.3448734052688632,6.529780435671875,0.35160315112961193,7.6566793500243495,0.5359411298920311,8.7825873219301,0.6427523795756094,11.06243740576651,0.72705300254471,5.482183665291131,0.21359083033566906,1.6382268513494627,0.18624971205865748,0.10248715334931893,0.056854629277244745,0.18896490557284965,0.07663747645911606,0.24813883587066254,0.08708427680604021,0.3165288251084661,0.09469894512309418,0.373046533340714,0.09815259010336687,0.4881590145078844,0.09699961162796847,0.6357650710297597,0.09884183978135393,0.7141145561253066,0.0967754896335238,0.815205062535752,0.08343696352594458,0.8765709572395421,0.06456884778749365,0.946506923495395,0.03541425096028576,0.5100567515204858,0.07721633904566305,0.22084593491824125,0.037030705398417775,0.05349307650460495,0.035414250960285734,0.12342904276045791,0.06456884778749361,0.18479493746424797,0.08343696352594458,0.28588544387469345,0.0967754896335238,0.36423492897024035,0.0988418397813539,0.5118409854921155,0.09699961162796847,0.6269534666592859,0.09815259010336688,0.6834711748915339,0.09469894512309417,0.7518611641293375,0.08708427680604024,0.8110350944271504,0.07663747645911612,0.8975128466506811,0.05685462927724476,0.4899432484795143,0.07721633904566305,0.22084593491824125,0.037030705398417775,0.00619423953115897,0.008867173618220274,0.016227945519755507,0.017561988889790787,0.02625382280955241,0.024035760931754305,0.04430167391135213,0.03361977541793202,0.06259124668833356,0.04149174316005513,0.10641572027769179,0.053154706285956387,0.16839827317767542,0.061668024669552804,0.21233412168130406,0.06550450804617117,0.27984421690146466,0.06898752939576348,0.3376229056917163,0.07190441646706618,0.4462054257134725,0.07355072383383539,0.13294557764223888,0.04749828560394274,0.10402000811393931,0.018988847872027415,12.233333333333333,5.684384067093129
participant average,minimax,long_hop_ge4,nonibd,26,26,26,3755.5084788585623,151.2866989142446,12818.694124001233,727.1959357949429,100.0,0.0,100.0,0.0,4.0,0.0,99.4871794871795,1.8356180850354293,8488.542832947433,227.79650583530807,0.507175369457702,0.01873954545095788,3241.201146298889,152.94594571896374,4.0,0.0,4.0,0.0,4.0,0.0,4.0064623225158345,0.01859413752517749,4.284602593518278,0.23181460432661893,5.002530195850034,0.06922422948112329,5.7935197037115715,0.2814004058883675,6.415941118964356,0.3004775601065404,7.491648609365563,0.37648917439426316,8.54951695070952,0.4843763513484965,10.639002512283621,0.7066426299543631,5.408502209629067,0.16512628127607912,1.5580858426453406,0.14650448652531262,0.12629423349907565,0.06640193038113586,0.21899754437367597,0.08286607855835552,0.2786523580162309,0.08912421372416911,0.3513896172894351,0.08992395243238528,0.41094006546559214,0.08964277924224508,0.5284630819417636,0.102158968848749,0.6802804679382682,0.10383531465207552,0.7602907984795132,0.10362207779931829,0.8527583249736274,0.07729524060096819,0.9103794625783076,0.04744735426474068,0.9665132087545871,0.022853000829554385,0.5479674093334441,0.07638682201948475,0.22231979361217521,0.03744908277659181,0.03348679124541283,0.022853000829554316,0.0896205374216926,0.047447354264740706,0.14724167502637275,0.07729524060096819,0.23970920152048694,0.10362207779931829,0.3197195320617317,0.10383531465207552,0.4715369180582364,0.102158968848749,0.5890599345344079,0.08964277924224508,0.648610382710565,0.08992395243238528,0.7213476419837692,0.08912421372416914,0.781002455626324,0.08286607855835554,0.8737057665009244,0.06640193038113586,0.45203259066655593,0.07638682201948478,0.22231979361217521,0.03744908277659181,0.008974968055393903,0.010803580670143075,0.021416243193162675,0.019633150103138708,0.033570349018267234,0.025962472918586717,0.05539950499668488,0.034903196628404,0.07720919346144686,0.041166039811357066,0.1252832968652891,0.05118767471380939,0.1913617999460053,0.060024506246707444,0.23877607614571675,0.06450447119908079,0.3096547075391367,0.06987449207295732,0.3721694162837971,0.07339206253115657,0.4871158599314338,0.07800565375203841,0.15196717368241297,0.047013554145131226,0.11219684240630202,0.020023469458704663,13.807692307692308,5.327860234142428
participant average,minimum_hop,all,overall,106,106,106,3750.93456947641,188.86165073505524,12698.988418766612,869.4918787876146,100.0,0.0,100.0,0.0,4.0,0.0,99.23509973756074,3.0122818702738536,8481.089795219556,298.8416261329618,0.5074854117055047,0.018866448181210846,8481.089795219556,298.8416261329618,1.9951009599470373,0.027127198280729688,2.0,0.0,2.002231621263615,0.012168686391199054,3.0,0.0,3.0,0.0,3.0014983351831295,0.011168620432378805,3.9967786103337244,0.015530217530402502,4.0,0.0,4.108314330780184,0.1300922031063255,4.919535103465024,0.09149490446423954,5.298796220801983,0.17896523252836624,3.3208237231055313,0.03171237235069174,0.8386681405351022,0.018565050742888167,0.14012288240664716,0.07839761809424772,0.27088314107743966,0.09438056508131895,0.33444470725112224,0.09131220469350672,0.3978912935655905,0.09106236215142138,0.44961782786245647,0.09424791751602679,0.5738325818778209,0.10492349221335401,0.7183187474126513,0.09998546737394215,0.7972710941955551,0.08674189320518663,0.8877024808746313,0.061350270144416005,0.9359234224441758,0.04029804705634057,0.9775130805732931,0.01769844445778064,0.5885452310001698,0.07686171982374666,0.21838649688057535,0.034010963482398834,0.02248691942670681,0.017698444457780613,0.06407657755582413,0.04029804705634058,0.11229751912536852,0.06135027014441601,0.20272890580444478,0.08674189320518665,0.2816812525873485,0.09998546737394214,0.426167418122179,0.10492349221335402,0.5503821721375435,0.09424791751602679,0.6021087064344095,0.09106236215142136,0.6655552927488777,0.09131220469350675,0.7291168589225603,0.09438056508131895,0.8598771175933527,0.07839761809424775,0.41145476899983024,0.07686171982374666,0.21838649688057535,0.034010963482398834,0.016636011233249613,0.019502716319773638,0.04471327417300092,0.03618685367652108,0.06400232445986571,0.044711002116046054,0.09210291926140045,0.05457324427201589,0.11893359537129289,0.06147871730423552,0.18021087192871715,0.0715972775675062,0.2598490241622288,0.07824217042605242,0.31397604930694395,0.08030726539657979,0.3939478600852313,0.081864739541939,0.46320282854413514,0.08238380913841833,0.604852361979429,0.0851984418128212,0.2082198861602267,0.06403605364966271,0.13463703454154427,0.020864756582454465,12.424528301886792,5.259220318869191
participant average,minimum_hop,all,cd,50,50,50,3765.552897793581,201.021870785142,12694.097231177013,920.9384018202826,100.0,0.0,100.0,0.0,4.0,0.0,99.6,2.8000000000000003,8524.507438278128,298.7260960036792,0.5083729238321919,0.022050115891233305,8524.507438278128,298.7260960036792,1.9949473684210526,0.028807509024163905,2.0,0.0,2.0029523809523813,0.015382942521992361,3.0,0.0,3.0,0.0,3.0031764705882353,0.016097024161353893,3.9976555023923446,0.013177367061689895,4.0,0.0,4.107366626321735,0.15273696704918022,4.909933097023301,0.09670305498550927,5.287604452588137,0.1927501960084643,3.319994651357458,0.03498248863796422,0.8385103044515898,0.02144470221584605,0.1254280017894135,0.08635906086120353,0.24783451353281308,0.10730261871186637,0.3160549628108513,0.10387326853736767,0.38418534809239524,0.10154451986947592,0.43467817055126434,0.10243580664238361,0.5602352944781037,0.11319113892886053,0.7060416869836361,0.10425992755211282,0.7900707772676894,0.08676795787556502,0.8886738845240854,0.05992035964017873,0.9396178966047642,0.037630685972416276,0.9792385160023143,0.017300116708081154,0.5769334845253137,0.0837738674424947,0.22465240151160362,0.034493466491007194,0.020761483997685785,0.0173001167080811,0.06038210339523574,0.03763068597241629,0.11132611547591463,0.05992035964017876,0.20992922273231063,0.08676795787556506,0.293958313016364,0.10425992755211282,0.4397647055218962,0.11319113892886053,0.5653218294487357,0.1024358066423836,0.6158146519076048,0.10154451986947591,0.6839450371891485,0.1038732685373677,0.752165486467187,0.1073026187118664,0.8745719982105865,0.08635906086120353,0.4230665154746864,0.08377386744249471,0.22465240151160362,0.034493466491007194,0.014595516933125578,0.021747075424027422,0.03926959955722766,0.04058041282413471,0.057352830658016135,0.05029389458261667,0.0839594609590873,0.061027153996304546,0.10972742284782548,0.06852606836138865,0.16989442792177367,0.07989129903080326,0.24926982340506118,0.0870681737411962,0.3053440351013705,0.08914915331066578,0.3885115316941949,0.09012042437626941,0.4586821842334771,0.08953136301728759,0.6029967696012725,0.08907617888149984,0.19992893581060703,0.07183151040580156,0.13546833981687445,0.02066295768061881,11.82,4.8070365091186895
participant average,minimum_hop,all,uc,30,30,30,3722.6066341499272,194.08012574823223,12603.395453545934,881.9347642316061,100.0,0.0,100.0,0.0,4.0,0.0,98.40846351715918,3.887633551317692,8402.267757424444,335.328045688543,0.5062749281091217,0.011836789283232847,8402.267757424444,335.328045688543,1.991111111111111,0.03435472185275626,2.0,0.0,2.0,0.0,3.0,0.0,3.0,0.0,3.0,0.0,3.99530303030303,0.018350855638443474,4.0,0.0,4.104197400939896,0.09128419624722663,4.946957092714597,0.07915394850659595,5.297973519316567,0.14113890368784274,3.322876543094692,0.025318492260763766,0.8388963690489891,0.012331112730440321,0.1387247303269957,0.061987742357320186,0.2772353586943982,0.07189313187062023,0.33702372401586916,0.07293205899472935,0.39617949065164293,0.07826958695567013,0.4470198678716244,0.0830266453873175,0.5676096508546328,0.0907116194977001,0.7096969845055956,0.09231212149957203,0.7840745453202268,0.08805455398543198,0.8688253700113998,0.06792382293143645,0.9198609197922721,0.046737893383802895,0.971115296627027,0.019911384258366423,0.5822425529753138,0.065852013541593,0.21220349018688664,0.03486471343216437,0.02888470337297287,0.019911384258366405,0.0801390802077278,0.04673789338380289,0.1311746299886001,0.06792382293143646,0.21592545467977334,0.08805455398543195,0.29030301549440457,0.092312121499572,0.43239034914536734,0.0907116194977001,0.5529801321283756,0.08302664538731751,0.6038205093483572,0.07826958695567013,0.662976275984131,0.07293205899472935,0.7227646413056017,0.07189313187062021,0.8612752696730042,0.061987742357320096,0.4177574470246863,0.06585201354159298,0.21220349018688664,0.03486471343216437,0.015508331498508733,0.015397413236371319,0.04486672871907176,0.029719650003586926,0.06414463329528655,0.03716113576263759,0.09156313835582734,0.04645954008866007,0.1177764388245593,0.05289341735931537,0.17728783639033355,0.060761837092739475,0.2551470835110973,0.0662663556409079,0.3058171270449254,0.06887214793250304,0.3807315375514671,0.07217055311758841,0.4477678922854543,0.07291076526945826,0.5846201864931914,0.07785926465235811,0.20364991306246163,0.05397595183465793,0.12960706115882673,0.020642645869800417,12.233333333333333,5.684384067093129
participant average,minimum_hop,all,nonibd,26,26,26,3755.5084788585623,151.2866989142446,12818.694124001233,727.1959357949429,100.0,0.0,100.0,0.0,4.0,0.0,99.4871794871795,1.8356180850354293,8488.542832947433,227.79650583530807,0.507175369457702,0.01873954545095788,8488.542832947433,227.79650583530807,2.0,0.0,2.0,0.0,2.0034204925509274,0.011852102814328306,3.0,0.0,3.0,0.0,3.0,0.0,3.9967948717948714,0.016025641025641052,4.0,0.0,4.114887143015993,0.12023249915055825,4.906359743641913,0.08773714160926088,5.321268122927166,0.18814646811753763,3.320049453402796,0.031626193724648234,0.8387083308719869,0.018580153199391974,0.16999552060861756,0.07051176597600281,0.3078779429513847,0.07598266510779757,0.36683381183078134,0.07347944529733674,0.4262240382224439,0.0757752927472045,0.4813455842195553,0.08146979439631918,0.6071615165194175,0.09611503541160162,0.751876666976592,0.09229835300925113,0.8263446446822148,0.07813320229825121,0.907615678698641,0.04803419840038837,0.947352321349087,0.030370670862344986,0.9815769939170212,0.013211444492002362,0.6181478334804963,0.06636251145781921,0.2134709187751619,0.02969099054377827,0.018423006082978706,0.013211444492002369,0.05264767865091297,0.030370670862344983,0.09238432130135887,0.048034198400388355,0.17365535531778512,0.07813320229825121,0.248123333023408,0.09229835300925114,0.3928384834805824,0.09611503541160164,0.5186544157804447,0.08146979439631918,0.5737759617775561,0.0757752927472045,0.6331661881692187,0.07347944529733676,0.6921220570486153,0.07598266510779757,0.8300044793913823,0.07051176597600292,0.3818521665195037,0.0663625114578192,0.2134709187751619,0.02969099054377827,0.021861207658189163,0.01818955239581652,0.05500481626556004,0.03146019897971917,0.07662561003793705,0.03805112683077528,0.10838624011843316,0.04578572343297638,0.13797295393188433,0.05122190654945869,0.2034229206402049,0.060094948495036424,0.2856189571388569,0.06639304837072742,0.33999021769691434,0.06811293914573827,0.4196519406838757,0.06910314264212043,0.4897059171323399,0.07144859061468005,0.6317656267292352,0.07833730138047139,0.22943706732999353,0.05317134760041373,0.138842185992122,0.020344193190140393,13.807692307692308,5.327860234142428
participant average,minimum_hop,long_hop_ge4,overall,106,106,106,3750.93456947641,188.86165073505524,12698.988418766612,869.4918787876146,100.0,0.0,100.0,0.0,4.0,0.0,99.23509973756074,3.0122818702738536,8481.089795219556,298.8416261329618,0.5074854117055047,0.018866448181210846,3243.3761912610503,163.66308409489923,4.0,0.0,4.0,0.0,4.0,0.0,4.0,0.0,4.0,0.0,4.0,0.0,4.00791725706615,0.035202428887702725,4.442118567872429,0.18769633461828836,4.999589827727646,0.004203015080377212,5.037702459548269,0.05986083412120202,5.811361052483568,0.14768166271841093,4.2195792126916665,0.02241644366950169,0.4612165783619522,0.025741938025965,0.24823025077301575,0.07951095553647142,0.34260520842196096,0.08261156016616708,0.3817580225124646,0.08656963601510628,0.43934111726436265,0.09138271575860152,0.4963754278183026,0.09682810145923315,0.626621867995164,0.10554546679260239,0.7568917165698054,0.09635427610224731,0.8250790728475357,0.08221762500532906,0.8980288335103715,0.05767198460891056,0.9400522319567778,0.03783655077721914,0.976605300409334,0.01862437340795949,0.6298174533678108,0.07524549801817867,0.20341103979978986,0.03445363099516354,0.023394699590666125,0.01862437340795949,0.05994776804322199,0.03783655077721909,0.1019711664896285,0.057671984608910584,0.17492092715246443,0.08221762500532907,0.24310828343019453,0.0963542761022473,0.37337813200483627,0.1055454667926024,0.5036245721816973,0.09682810145923315,0.5606588827356375,0.09138271575860152,0.6182419774875354,0.0865696360151063,0.657394791578039,0.08261156016616711,0.7517697492269841,0.07951095553647142,0.3701825466321892,0.07524549801817867,0.20341103979978986,0.03445363099516354,0.0314487222030807,0.0248673407065276,0.05664403263494732,0.03772314762307019,0.07407805291775943,0.0452877315492604,0.10224579052093552,0.05380947572277188,0.12909039332802014,0.059552600223302304,0.1859529448532331,0.067378420524058,0.2545116130671511,0.07263479373370393,0.29954984287554515,0.0747214621295999,0.36535476914124565,0.07745344285175722,0.42086009789928175,0.07915421936547251,0.5269502239032464,0.08315882066038088,0.20530852697794105,0.06168599812358946,0.11557911154932511,0.019048146933869192,12.424528301886792,5.259220318869191
participant average,minimum_hop,long_hop_ge4,cd,50,50,50,3765.552897793581,201.021870785142,12694.097231177013,920.9384018202826,100.0,0.0,100.0,0.0,4.0,0.0,99.6,2.8000000000000003,8524.507438278128,298.7260960036792,0.5083729238321919,0.022050115891233305,3253.734256924273,174.28743721490426,4.0,0.0,4.0,0.0,4.0,0.0,4.0,0.0,4.0,0.0,4.0,0.0,4.0114090909090905,0.047155646095432546,4.447703631562348,0.2162095481178408,5.0,0.0,5.042301547549831,0.06423290926091846,5.8208398920088,0.1600121066539047,4.220014124301695,0.025996714977313578,0.46161511109409176,0.02858240186398917,0.22636871135915837,0.08779536438657183,0.3277215221688757,0.09322297875821446,0.3692186602486761,0.09697644479292132,0.42484679755938776,0.099366390023231,0.4829599091179282,0.10395558680629942,0.6131409283780858,0.11378624319336197,0.7474311243829304,0.0984917271872811,0.8189147160336474,0.08048016099235457,0.9003678523607133,0.05487061000181761,0.943464511536911,0.03462190486040684,0.9783427083436164,0.018707875496341956,0.6198976983944298,0.08043741053479499,0.20971557315992712,0.035085801283942286,0.021657291656383602,0.018707875496341973,0.056535488463088875,0.03462190486040682,0.0996321476392868,0.05487061000181762,0.18108528396635265,0.08048016099235458,0.2525688756170697,0.09849172718728108,0.38685907162191424,0.11378624319336199,0.5170400908820717,0.1039555868062994,0.5751532024406122,0.09936639002323101,0.6307813397513238,0.09697644479292132,0.6722784778311244,0.09322297875821449,0.7736312886408416,0.08779536438657183,0.38010230160557024,0.08043741053479499,0.20971557315992712,0.035085801283942286,0.02749163578645058,0.027220001770338863,0.05090487944415721,0.04182243722496236,0.06701071484303575,0.05016887674922387,0.09362682861589933,0.0595605964449812,0.12001650015417713,0.06595682406819622,0.1761456799289228,0.07484051563782307,0.24543869713598038,0.08087943698543573,0.29221398851860725,0.08296909109567661,0.35977702676551343,0.08513579334567624,0.41672290398335443,0.08674873281531328,0.5249391487896191,0.09033977211440605,0.19740201884243422,0.06889446726329956,0.11667385019988263,0.019410139637546134,11.82,4.8070365091186895
participant average,minimum_hop,long_hop_ge4,uc,30,30,30,3722.6066341499272,194.08012574823223,12603.395453545934,881.9347642316061,100.0,0.0,100.0,0.0,4.0,0.0,98.40846351715918,3.887633551317692,8402.267757424444,335.328045688543,0.5062749281091217,0.011836789283232847,3227.9977874562214,152.71784929575313,4.0,0.0,4.0,0.0,4.0,0.0,4.0,0.0,4.0,0.0,4.0,0.0,4.007509881422925,0.023613086215405282,4.428588630114746,0.13726739617126932,4.998550724637681,0.0078045866770065616,5.036788132820102,0.053755207637747854,5.804771161333445,0.12227408356504071,4.218773061720818,0.015730454469453498,0.459606848873522,0.018701757692383237,0.25465265795524683,0.0609541680385715,0.3432742535924186,0.06717385107336989,0.38122671605129654,0.07443956020145674,0.43797522310756787,0.08176962682532442,0.49191805504153324,0.08674865159998839,0.6210353235737985,0.09086985671752991,0.743088745619309,0.09046572370029976,0.8094390573406433,0.08343311936496335,0.8776078509012142,0.06406605249097781,0.9246172999788977,0.04255741668862482,0.9700564762980614,0.020268209325323742,0.6219592538740527,0.0657620594405465,0.19649834746720962,0.03619086491710824,0.029943523701938733,0.020268209325323736,0.07538270002110227,0.04255741668862479,0.12239214909878574,0.06406605249097784,0.19056094265935686,0.08343311936496339,0.25691125438069073,0.09046572370029976,0.37896467642620146,0.09086985671752991,0.5080819449584667,0.08674865159998839,0.5620247768924322,0.08176962682532442,0.6187732839487035,0.07443956020145673,0.6567257464075813,0.0671738510733699,0.745347342044753,0.060954168038571524,0.3780407461259473,0.06576205944054649,0.19649834746720962,0.03619086491710824,0.031171612626615733,0.020230392123925307,0.05674618904435726,0.03157086834235174,0.0742395828326844,0.038361605147667045,0.10218434549119738,0.04641595934659366,0.12824119496985084,0.05147645339604229,0.18352236324026167,0.05744978360138098,0.24926998852844498,0.06172068084952678,0.2911074745988274,0.06413363417948195,0.35314306886316765,0.06755713946908101,0.40584172440161226,0.06877194112615523,0.5072146488094265,0.07239609492504763,0.2009595827760656,0.052229790602479134,0.11049239453869558,0.018210610994072913,12.233333333333333,5.684384067093129
participant average,minimum_hop,long_hop_ge4,nonibd,26,26,26,3755.5084788585623,151.2866989142446,12818.694124001233,727.1959357949429,100.0,0.0,100.0,0.0,4.0,0.0,99.4871794871795,1.8356180850354293,8488.542832947433,227.79650583530807,0.507175369457702,0.01873954545095788,3241.201146298889,152.94594571896374,4.0,0.0,4.0,0.0,4.0,0.0,4.0,0.0,4.0,0.0,4.0,0.0,4.001672240802676,0.008361204013377964,4.44698952741991,0.17803456934853418,5.0,0.0,5.029913051923921,0.05690398590691584,5.800736235492879,0.14863404428965218,4.219673018407976,0.021501894701923558,0.46230754944064223,0.026878387501017356,0.2828612028970903,0.06706824889024487,0.37045570678890455,0.06857407249158991,0.40648522662879005,0.07183567365060571,0.4687908407240773,0.07790602628810832,0.5273176246768334,0.08621002799496157,0.6589927646680429,0.09775763335709431,0.7910116680259072,0.09053427986404228,0.8549797769206583,0.07629981687650143,0.917093392577973,0.046680264347857776,0.9512996927386916,0.03190359431102195,0.9808204668179512,0.01393003406876668,0.6579610585017261,0.06780777732962794,0.19926312064481091,0.02849783982913662,0.019179533182048746,0.013930034068766656,0.04870030726130841,0.03190359431102184,0.08290660742202728,0.04668026434785779,0.14502022307934184,0.07629981687650142,0.2089883319740928,0.09053427986404229,0.3410072353319571,0.09775763335709428,0.47268237532316654,0.08621002799496158,0.5312091592759227,0.07790602628810829,0.59351477337121,0.07183567365060572,0.6295442932110954,0.06857407249158992,0.7171387971029096,0.0670682488902449,0.34203894149827374,0.06780777732962795,0.19926312064481091,0.02849783982913662,0.03937824559252128,0.023041970229188365,0.06756299291407065,0.03324580608132055,0.08748270700577615,0.03934052168112522,0.1188916153726261,0.045570590138430345,0.14752003215252887,0.050364460356210304,0.20761758695341218,0.057165470918541496,0.2780075566332943,0.06157706037459036,0.3233984492658691,0.06343551381108774,0.3901716201846668,0.06637061151359683,0.4461451325426069,0.06842509543143759,0.5535894934607836,0.07269371927095943,0.22553136285607975,0.05183561869080866,0.11934313377205637,0.018048212324296983,13.807692307692308,5.327860234142428
