level,cond,step,n,k_max_mean,k_max_sd,n_active_vertices_mean,n_active_vertices_sd,n_active_edges_mean,n_active_edges_sd,n_sources_sampled_mean,n_sources_sampled_sd,n_baseline_pairs_mean,n_baseline_pairs_sd,n_source_requested_mean,n_source_requested_sd,n_target_requested_per_source_mean,n_target_requested_per_source_sd,length_failure_value_mean,length_failure_value_sd,mean_reachable_fraction_sampled_sources_mean,mean_reachable_fraction_sampled_sources_sd,step_mean,step_sd,n_pairs_mean,n_pairs_sd,reachable_count_mean,reachable_count_sd,reachable_fraction_mean,reachable_fraction_sd,failure_fraction_mean,failure_fraction_sd,finite_path_length_mean_mean,finite_path_length_mean_sd,finite_path_length_median_mean,finite_path_length_median_sd,finite_path_length_max_mean,finite_path_length_max_sd,finite_bottleneck_w_mean_mean,finite_bottleneck_w_mean_sd,finite_bottleneck_w_median_mean,finite_bottleneck_w_median_sd,finite_mean_w2_mean_mean,finite_mean_w2_mean_sd,finite_mean_w2_median_mean,finite_mean_w2_median_sd,penalized_path_length_mean_mean,penalized_path_length_mean_sd,penalized_path_length_median_mean,penalized_path_length_median_sd,penalized_bottleneck_w_mean_mean,penalized_bottleneck_w_mean_sd,penalized_bottleneck_w_median_mean,penalized_bottleneck_w_median_sd,penalized_mean_w2_mean_mean,penalized_mean_w2_mean_sd,penalized_mean_w2_median_mean,penalized_mean_w2_median_sd,n_samples_for_participant_mean,n_samples_for_participant_sd
sample graphwise,overall,0,1306,8.0,0.0,3778.102603369066,258.04000641178845,12789.10336906585,1243.3909973601899,10.0,0.0,173.27871362940274,20.11742991538385,10.0,0.0,20.0,0.0,25.0,0.0,0.50891277656578,0.07007946794462293,0.0,0.0,173.27871362940274,20.11742991538385,173.27871362940274,20.11742991538385,1.0,0.0,0.0,0.0,4.603791904399593,0.5233727429099381,4.3242725880551305,0.5453552721508009,10.554364471669219,2.2054922607398497,0.4682380774589104,0.13383209311755923,0.44551459441137187,0.17642147321904392,0.13027478762218156,0.0795593619019944,0.09868738121950513,0.08331413880024159,4.603791904399593,0.5233727429099381,4.3242725880551305,0.5453552721508009,0.4682380774589104,0.13383209311755923,0.44551459441137187,0.17642147321904392,0.13027478762218156,0.0795593619019944,0.09868738121950513,0.08331413880024159,,
sample graphwise,cd,0,589,8.0,0.0,3782.1137521222413,275.7030136693522,12755.081494057726,1296.5375347814881,10.0,0.0,173.42275042444822,19.80858036136408,10.0,0.0,20.0,0.0,25.0,0.0,0.5096922429413099,0.07028385855236322,0.0,0.0,173.42275042444822,19.80858036136408,173.42275042444822,19.80858036136408,1.0,0.0,0.0,0.0,4.645257188507069,0.49651844765940883,4.355687606112054,0.5360255019519371,10.602716468590831,2.174491589643422,0.4452351436024112,0.13651398233816248,0.41990259201739216,0.17989915352170036,0.11942541832888899,0.07948183260644752,0.08627647916763263,0.08200958207648634,4.645257188507069,0.49651844765940883,4.355687606112054,0.5360255019519371,0.4452351436024112,0.13651398233816248,0.41990259201739216,0.17989915352170036,0.11942541832888899,0.07948183260644752,0.08627647916763263,0.08200958207648634,,
sample graphwise,uc,0,360,8.0,0.0,3790.036111111111,254.6622519826536,12828.941666666668,1265.6971484510907,10.0,0.0,174.0861111111111,20.36829852679264,10.0,0.0,20.0,0.0,25.0,0.0,0.5120774235043277,0.0705049800814331,0.0,0.0,174.0861111111111,20.36829852679264,174.0861111111111,20.36829852679264,1.0,0.0,0.0,0.0,4.645232157387151,0.5816576203149256,4.355555555555555,0.5663942700414637,10.866666666666667,2.377907576934908,0.46614423687978507,0.13045659802241621,0.44357432663668106,0.17641761642081266,0.12774011640694652,0.07746778800226967,0.09611265745082583,0.08168744973819701,4.645232157387151,0.5816576203149256,4.355555555555555,0.5663942700414637,0.46614423687978507,0.13045659802241621,0.44357432663668106,0.17641761642081266,0.12774011640694652,0.07746778800226967,0.09611265745082583,0.08168744973819701,,
sample graphwise,nonibd,0,357,8.0,0.0,3759.450980392157,228.6020136619521,12805.06162464986,1123.8798876235144,10.0,0.0,172.2268907563025,20.322788870513335,10.0,0.0,20.0,0.0,25.0,0.0,0.5044355256048159,0.06908204308039745,0.0,0.0,172.2268907563025,20.322788870513335,172.2268907563025,20.322788870513335,1.0,0.0,0.0,0.0,4.493591502677393,0.48728409103442194,4.240896358543417,0.5300042628792839,10.159663865546218,2.008315458151583,0.5083011325008238,0.12301199742306289,0.4897273837921635,0.16137106141763607,0.15073069840995162,0.0778595104472313,0.12175999148638873,0.08230784109235309,4.493591502677393,0.48728409103442194,4.240896358543417,0.5300042628792839,0.5083011325008238,0.12301199742306289,0.4897273837921635,0.16137106141763607,0.15073069840995162,0.0778595104472313,0.12175999148638873,0.08230784109235309,,
sample graphwise,overall,1,1306,8.0,0.0,3778.102603369066,258.04000641178845,12789.10336906585,1243.3909973601899,10.0,0.0,173.27871362940274,20.11742991538385,10.0,0.0,20.0,0.0,25.0,0.0,0.50891277656578,0.07007946794462293,1.0,0.0,173.27871362940274,20.11742991538385,149.82159264931087,26.810854569212488,0.8632964304682887,0.10786034864846607,0.13670356953171123,0.10786034864846607,5.294580540093788,0.6431432095022476,4.990428790199081,0.6781598152169634,10.874425727411944,2.3911856099446567,0.4889510589457387,0.13704765045361694,0.46931211914830306,0.18007220747493063,0.13072316244721774,0.08058697966101569,0.10476955848403577,0.08424321776003171,7.992777183015307,2.1716686978821156,5.457886676875957,1.4254533056241037,0.5578125237802888,0.13411042117212796,0.5310016642036417,0.19879074679839756,0.24907626076724607,0.11963497461562836,0.13334649509482818,0.11232676792897085,,
sample graphwise,cd,1,589,8.0,0.0,3782.1137521222413,275.7030136693522,12755.081494057726,1296.5375347814881,10.0,0.0,173.42275042444822,19.80858036136408,10.0,0.0,20.0,0.0,25.0,0.0,0.5096922429413099,0.07028385855236322,1.0,0.0,173.42275042444822,19.80858036136408,150.64006791171477,26.92786359305895,0.8670232903759465,0.10810128722600709,0.13297670962405347,0.10810128722600709,5.340454671362308,0.6288361935266589,5.049235993208828,0.6450439979162527,10.925297113752123,2.3836999792005216,0.4676675156280327,0.13891065965879917,0.4452823778964071,0.18347181905550805,0.11976771388995683,0.07827356007339795,0.09238818186825982,0.0806852828085118,7.960451648544881,2.158711024424997,5.4465195246179965,0.9513330518777429,0.5375277170294906,0.13567573377067887,0.5099269597566681,0.20397030297778265,0.23616036751209568,0.1198750659031589,0.11886505576011686,0.10295957415856892,,
sample graphwise,uc,1,360,8.0,0.0,3790.036111111111,254.6622519826536,12828.941666666668,1265.6971484510907,10.0,0.0,174.0861111111111,20.36829852679264,10.0,0.0,20.0,0.0,25.0,0.0,0.5120774235043277,0.0705049800814331,1.0,0.0,174.0861111111111,20.36829852679264,150.22222222222223,25.977352434499032,0.8618328668982087,0.10271656450480426,0.13816713310179124,0.10271656450480426,5.341761426334456,0.6770287002355253,5.006944444444445,0.7095237817815413,11.2,2.5317977802344327,0.4852548064256963,0.13410173685988677,0.46660451863072266,0.17918437088981715,0.12847649641580208,0.07964823426831043,0.10149899441516665,0.08380762833778636,8.057505099987612,2.106631383392508,5.483333333333333,1.4234152981864114,0.5554859169596787,0.13108977120638812,0.5265425526695343,0.19559617691030567,0.24870952780225808,0.11480951211236759,0.1297315105320448,0.1093811579148439,,
sample graphwise,nonibd,1,357,8.0,0.0,3759.450980392157,228.6020136619521,12805.06162464986,1123.8798876235144,10.0,0.0,172.2268907563025,20.322788870513335,10.0,0.0,20.0,0.0,25.0,0.0,0.5044355256048159,0.06908204308039745,1.0,0.0,172.2268907563025,20.322788870513335,148.0672268907563,27.35821030369768,0.8586234960134385,0.11222013719217093,0.14137650398656165,0.11222013719217093,5.171317284172784,0.6145213799590613,4.8767507002801125,0.6851302413801125,10.46218487394958,2.190340070419415,0.5277932379971226,0.128333466632987,0.5116881801670584,0.1671908075706047,0.1510636637680478,0.08145822269605209,0.12849514361424563,0.08551181793737105,7.980837938458025,2.2545991230802835,5.450980392156863,1.9738430691927882,0.5936257720481872,0.12700298287017636,0.5702685579614739,0.18722104492469813,0.2707554904442188,0.1208846898091353,0.16088420436862924,0.12444079759554943,,
sample graphwise,overall,2,1306,8.0,0.0,3778.102603369066,258.04000641178845,12789.10336906585,1243.3909973601899,10.0,0.0,173.27871362940274,20.11742991538385,10.0,0.0,20.0,0.0,25.0,0.0,0.50891277656578,0.07007946794462293,2.0,0.0,173.27871362940274,20.11742991538385,126.51761102603369,28.25840745411131,0.7279807220074201,0.12912285051244585,0.2720192779925799,0.12912285051244585,5.62325428700109,0.6876420913919973,5.360643185298621,0.7012006000891269,10.91271056661562,2.402788229240024,0.5081981443122469,0.13839493723186666,0.4918476691439353,0.18309501463433037,0.13529657377887036,0.08104915090918738,0.11033462704755698,0.08483084138698897,10.900840191567742,2.5185270012588266,7.281010719754977,4.282954307506836,0.6402238988186645,0.12418020624072375,0.6405460528184864,0.2201302385164138,0.36971904441456305,0.12977894278878616,0.21590807400738532,0.21655058506198482,,
sample graphwise,cd,2,589,8.0,0.0,3782.1137521222413,275.7030136693522,12755.081494057726,1296.5375347814881,10.0,0.0,173.42275042444822,19.80858036136408,10.0,0.0,20.0,0.0,25.0,0.0,0.5096922429413099,0.07028385855236322,2.0,0.0,173.42275042444822,19.80858036136408,126.5144312393888,28.958524504619717,0.7266332123786383,0.13093241734272448,0.2733667876213616,0.13093241734272448,5.68899081735201,0.6965286251984907,5.427843803056027,0.713897171060857,11.02716468590832,2.4179455580316955,0.48650285550931527,0.1407771867428072,0.46603762968601775,0.18683023312303604,0.12363868898774892,0.07765821772203137,0.09738815422199593,0.07986924282826188,10.971588802660298,2.556884421068743,7.32088285229202,4.204826465417214,0.6256442072314632,0.12472912595185853,0.6210023043154521,0.2238877720806121,0.36250357107801356,0.1299089364798682,0.20097421589903178,0.2151291000532881,,
sample graphwise,uc,2,360,8.0,0.0,3790.036111111111,254.6622519826536,12828.941666666668,1265.6971484510907,10.0,0.0,174.0861111111111,20.36829852679264,10.0,0.0,20.0,0.0,25.0,0.0,0.5120774235043277,0.0705049800814331,2.0,0.0,174.0861111111111,20.36829852679264,128.07777777777778,25.967384576202416,0.7349763974124133,0.11962472476871601,0.2650236025875865,0.11962472476871601,5.631230797206087,0.6702705158465012,5.347222222222222,0.6605915325218044,11.022222222222222,2.4527887881972577,0.5046758749517204,0.13441511711126297,0.48685566296091143,0.17582936331773005,0.13359469649063077,0.08079232958185725,0.10778098645536731,0.0850541994225781,10.770362931432306,2.34249039448755,7.069444444444445,3.7729902261884516,0.6337944028216823,0.1217507140693059,0.6354425484406386,0.2195785429007727,0.3622992648137688,0.12411740781221091,0.20504285376381592,0.19903126186038014,,
sample graphwise,nonibd,2,357,8.0,0.0,3759.450980392157,228.6020136619521,12805.06162464986,1123.8798876235144,10.0,0.0,172.2268907563025,20.322788870513335,10.0,0.0,20.0,0.0,25.0,0.0,0.5044355256048159,0.06908204308039745,2.0,0.0,172.2268907563025,20.322788870513335,124.94957983193277,29.202907093928577,0.7231494615748004,0.1349188996440554,0.2768505384251994,0.1349188996440554,5.506754679016523,0.6749659563150631,5.2633053221288515,0.7076003946742141,10.61344537815126,2.2988582369940005,0.5475442005439451,0.12966717937819264,0.5394645752128484,0.17459167977005788,0.15624662970530395,0.08266030037663594,0.1342695937350745,0.08746564813291566,10.915688599733686,2.618978033753135,7.428571428571429,4.8488147419509335,0.6707618733390431,0.12030315549832506,0.6779368915980728,0.20951081579368125,0.389105695539251,0.13311328274492668,0.25150337292476677,0.23128862059191424,,
sample graphwise,overall,3,1306,8.0,0.0,3778.102603369066,258.04000641178845,12789.10336906585,1243.3909973601899,10.0,0.0,173.27871362940274,20.11742991538385,10.0,0.0,20.0,0.0,25.0,0.0,0.50891277656578,0.07007946794462293,3.0,0.0,173.27871362940274,20.11742991538385,108.09877488514549,27.247690631449473,0.6213640558781098,0.12994583143404928,0.3786359441218901,0.12994583143404928,5.969273305634733,0.7397162192784353,5.685298621745789,0.7614152885292386,11.116385911179172,2.3878055021302824,0.5183751016054957,0.1388128929015818,0.5006983119581244,0.18498527882430785,0.13495620654805252,0.08079718176784305,0.11125868357995329,0.08488007021519609,13.180898660200404,2.487140236489387,10.483920367534456,6.926277853679365,0.6986500013999127,0.11224533209282526,0.7486247758190295,0.2222645276224514,0.46153906867075917,0.12685258654686646,0.3490582531701994,0.3278914325087036,,
sample graphwise,cd,3,589,8.0,0.0,3782.1137521222413,275.7030136693522,12755.081494057726,1296.5375347814881,10.0,0.0,173.42275042444822,19.80858036136408,10.0,0.0,20.0,0.0,25.0,0.0,0.5096922429413099,0.07028385855236322,3.0,0.0,173.42275042444822,19.80858036136408,108.19524617996605,28.018261892424775,0.6205850037447295,0.13162777517915167,0.3794149962552705,0.13162777517915167,6.01086314200958,0.6994223857172592,5.7105263157894735,0.7517887405568285,11.239388794567063,2.362427379599472,0.49727270730669537,0.14121867439600988,0.4774687720144511,0.18784456995898957,0.12356839932986609,0.0774153159621882,0.09858016049222774,0.07998052242907866,13.219442610337143,2.5174265271877174,10.49490662139219,6.897009110382543,0.6862872530324995,0.11288708168295841,0.7341343294999788,0.22875022525319474,0.4552189484282663,0.12744499147483265,0.33760976033232815,0.3318274813359746,,
sample graphwise,uc,3,360,8.0,0.0,3790.036111111111,254.6622519826536,12828.941666666668,1265.6971484510907,10.0,0.0,174.0861111111111,20.36829852679264,10.0,0.0,20.0,0.0,25.0,0.0,0.5120774235043277,0.0705049800814331,3.0,0.0,174.0861111111111,20.36829852679264,109.39166666666667,25.662216876178096,0.6272686382380335,0.1250318693505837,0.37273136176196653,0.1250318693505837,5.996383357537014,0.8105547834119201,5.719444444444444,0.7864545774990033,11.166666666666666,2.532017201977726,0.5149908814433124,0.13571311296424945,0.4957626403977921,0.18219313265997517,0.13287186005715415,0.07995520581488327,0.10872293484441219,0.08434814235372928,13.083763343077923,2.411855404828376,10.4375,6.883624640728491,0.6934893774776296,0.11068237856183157,0.7445152723427234,0.22291629803439791,0.4550468646298914,0.12333914185146393,0.3437645603702985,0.3266224934471299,,
sample graphwise,nonibd,3,357,8.0,0.0,3759.450980392157,228.6020136619521,12805.06162464986,1123.8798876235144,10.0,0.0,172.2268907563025,20.322788870513335,10.0,0.0,20.0,0.0,25.0,0.0,0.5044355256048159,0.06908204308039745,3.0,0.0,172.2268907563025,20.322788870513335,106.63585434173669,27.439501115526493,0.6166951820881618,0.13177853671281378,0.3833048179118382,0.1317785367128138,5.873318033058804,0.7206307583908169,5.609243697478991,0.7461188012250534,10.862745098039216,2.256813219966355,0.5566037556681833,0.1296455105711589,0.5440009472201501,0.17522733383740358,0.15584635553470577,0.0830222748843462,0.1347335285196316,0.08834762401097143,13.21525812107871,2.508898332433079,10.512605042016807,7.016525766360627,0.7242507952386477,0.1085245669617327,0.7766760198901532,0.20768369664947176,0.4785131422773158,0.12780035105576062,0.3732848405356629,0.3213015890072187,,
sample graphwise,overall,4,1306,8.0,0.0,3778.102603369066,258.04000641178845,12789.10336906585,1243.3909973601899,10.0,0.0,173.27871362940274,20.11742991538385,10.0,0.0,20.0,0.0,25.0,0.0,0.50891277656578,0.07007946794462293,4.0,0.0,173.27871362940274,20.11742991538385,94.1531393568147,25.625608305313126,0.5407566790251508,0.1242220547237503,0.4592433209748492,0.1242220547237503,6.27127825873496,0.771740539707194,5.972434915773354,0.816422019210432,11.44333843797856,2.4432779685403547,0.5247435154553073,0.13901153389175214,0.5058232066517814,0.1854086719641849,0.13395416151871156,0.08059689080818233,0.11102758003118383,0.0846585057945041,14.878956946866913,2.333073661794608,14.267228177641654,8.11959502711128,0.7408571713116786,0.10120797954903896,0.8380709871260804,0.20075229009296183,0.5307323189509723,0.11960701065998663,0.5050837117615653,0.385237671004631,,
sample graphwise,cd,4,589,8.0,0.0,3782.1137521222413,275.7030136693522,12755.081494057726,1296.5375347814881,10.0,0.0,173.42275042444822,19.80858036136408,10.0,0.0,20.0,0.0,25.0,0.0,0.5096922429413099,0.07028385855236322,4.0,0.0,173.42275042444822,19.80858036136408,94.1239388794567,26.321956996752327,0.5394906205810825,0.12617771163668565,0.46050937941891745,0.12617771163668565,6.326662885167151,0.7439181967933515,6.054329371816638,0.8119036509175763,11.553480475382003,2.4458708369713236,0.5037235804426644,0.1409719416283852,0.4830126122341849,0.18911472012412445,0.12216288712607032,0.07652567155449376,0.09782919787234366,0.07882943820956995,14.931679692454109,2.3657679041533064,14.51867572156197,8.127307776429175,0.7304101377343512,0.10171980162595298,0.8320590107761823,0.20732942093704718,0.5255257483273987,0.12072186685839087,0.506586146230269,0.3929456819115077,,
sample graphwise,uc,4,360,8.0,0.0,3790.036111111111,254.6622519826536,12828.941666666668,1265.6971484510907,10.0,0.0,174.0861111111111,20.36829852679264,10.0,0.0,20.0,0.0,25.0,0.0,0.5120774235043277,0.0705049800814331,4.0,0.0,174.0861111111111,20.36829852679264,95.20277777777778,24.03713546104942,0.5455436431680548,0.11856344534775304,0.45445635683194513,0.11856344534775302,6.302712349618972,0.8200309445396009,5.965277777777778,0.8195797910823674,11.516666666666667,2.6033632093889625,0.5208808417315623,0.13547069738217832,0.5007022821991879,0.18113595546403885,0.13199562062728798,0.07992871041240389,0.10823473915800072,0.08371083693484406,14.803724514633586,2.2415823114780586,13.833333333333334,7.912279486132088,0.7363798698224113,0.09991476142927802,0.8311023577075686,0.2029918832805542,0.525552483457833,0.11531155757458221,0.48239649771621773,0.37964974430339327,,
sample graphwise,nonibd,4,357,8.0,0.0,3759.450980392157,228.6020136619521,12805.06162464986,1123.8798876235144,10.0,0.0,172.2268907563025,20.322788870513335,10.0,0.0,20.0,0.0,25.0,0.0,0.5044355256048159,0.06908204308039745,4.0,0.0,172.2268907563025,20.322788870513335,93.14285714285714,25.969369712515284,0.5380183074064132,0.12639347790151723,0.4619816925935868,0.12639347790151723,6.148203139164082,0.7526212189008947,5.84453781512605,0.8037409883171995,11.18767507002801,2.2457091175481745,0.5633185974244809,0.13102152328338176,0.5486214501108798,0.17592349189643341,0.15538311204582128,0.08346824766403428,0.13561937220458106,0.0894439836643141,14.86783643833229,2.366730706045121,14.289915966386555,8.293249878688169,0.7626082394158307,0.09828828465788905,0.8550170954195097,0.18591840326796438,0.54454579479079,0.1209080417399453,0.525482768216071,0.37667355749725323,,
sample graphwise,overall,5,1306,8.0,0.0,3778.102603369066,258.04000641178845,12789.10336906585,1243.3909973601899,10.0,0.0,173.27871362940274,20.11742991538385,10.0,0.0,20.0,0.0,25.0,0.0,0.50891277656578,0.07007946794462293,5.0,0.0,173.27871362940274,20.11742991538385,83.59035222052067,24.212747684059497,0.47977274556668476,0.11884778609937958,0.5202272544333153,0.11884778609937957,6.5152550474966375,0.8186465713925971,6.215160796324655,0.8620552279899042,11.721286370597243,2.521962980155575,0.5308437438409859,0.1385985484547207,0.5121978533315988,0.18558273030769296,0.13354824896332035,0.07992978122087198,0.11112617343648001,0.08372161115622406,16.140873072222547,2.192294890643074,17.769142419601838,7.994453783799698,0.7725644523256544,0.09276508256112283,0.9036807155474427,0.16451491261309073,0.5832324574736595,0.11389052008634973,0.6588849060998246,0.3844054953122514,,
sample graphwise,cd,5,589,8.0,0.0,3782.1137521222413,275.7030136693522,12755.081494057726,1296.5375347814881,10.0,0.0,173.42275042444822,19.80858036136408,10.0,0.0,20.0,0.0,25.0,0.0,0.5096922429413099,0.07028385855236322,5.0,0.0,173.42275042444822,19.80858036136408,83.28522920203736,24.8131927740781,0.4770343198221065,0.12034388347497132,0.5229656801778935,0.12034388347497132,6.562352754869309,0.7882134175792047,6.276740237691001,0.8478388998481369,11.721561969439728,2.4599805936637456,0.5109833072965008,0.14161747948488387,0.49096346133312085,0.18940228196810657,0.1222519497883747,0.07609768940233393,0.09800162457120677,0.07778839650097007,16.21474931445202,2.212169753939616,18.215619694397283,7.895767955739675,0.7643517038353682,0.09370704550337962,0.9023850196162534,0.16797440206010583,0.5801378887988637,0.11518466756405851,0.67001596731109,0.3901397820916152,,
sample graphwise,uc,5,360,8.0,0.0,3790.036111111111,254.6622519826536,12828.941666666668,1265.6971484510907,10.0,0.0,174.0861111111111,20.36829852679264,10.0,0.0,20.0,0.0,25.0,0.0,0.5120774235043277,0.0705049800814331,5.0,0.0,174.0861111111111,20.36829852679264,84.73055555555555,22.899591450072794,0.4852991639852987,0.11445622684753581,0.5147008360147013,0.11445622684753581,6.544886578427861,0.874320221175229,6.213888888888889,0.8772282034839363,11.902777777777779,2.7036997399768,0.5261937126338696,0.13398269134756388,0.5053774599478589,0.18118758528810247,0.13113722336271597,0.07983315831726472,0.10803041681442288,0.08336696211169319,16.04861034422472,2.130324402587918,17.20138888888889,8.005319291563362,0.7677351544957467,0.09188402605842645,0.8976942490225677,0.16699319220695844,0.5773698762237062,0.11063701772842899,0.6317604916871021,0.3848856190123044,,
sample graphwise,nonibd,5,357,8.0,0.0,3759.450980392157,228.6020136619521,12805.06162464986,1123.8798876235144,10.0,0.0,172.2268907563025,20.322788870513335,10.0,0.0,20.0,0.0,25.0,0.0,0.5044355256048159,0.06908204308039745,5.0,0.0,172.2268907563025,20.322788870513335,82.94397759103641,24.45798315317652,0.47871790560269484,0.12051258253991386,0.5212820943973052,0.12051258253991386,6.407669891256462,0.7998112209726488,6.11484593837535,0.8604137440783413,11.53781512605042,2.417686636374527,0.5682997896652539,0.13041126274628503,0.5541093337384614,0.1765107660894072,0.15461684680718743,0.08203978570621233,0.13590161227565795,0.08799090775601213,16.112025664396374,2.2166272914145324,17.605042016806724,8.10199528012964,0.7909842172543531,0.08947362007241097,0.9118552053301473,0.15567020072494955,0.5942499090127012,0.11422230466103446,0.667872564741687,0.3728809707127003,,
sample graphwise,overall,6,1306,8.0,0.0,3778.102603369066,258.04000641178845,12789.10336906585,1243.3909973601899,10.0,0.0,173.27871362940274,20.11742991538385,10.0,0.0,20.0,0.0,25.0,0.0,0.50891277656578,0.07007946794462293,6.0,0.0,173.27871362940274,20.11742991538385,75.44410413476264,22.936165821792798,0.43275133309717834,0.11362591539832151,0.5672486669028217,0.11362591539832151,6.694945470853645,0.860838556197028,6.4062021439509955,0.900807772024284,11.908882082695254,2.5109495235532138,0.5350660167899176,0.13856582960871322,0.5159168173282495,0.1863369834371765,0.13354965822929266,0.0802774572969886,0.11174609432081593,0.08410712513486703,17.091939427120074,2.061124096372958,20.7052067381317,6.876369672511266,0.7965220713267347,0.08571285110396423,0.9475348513681704,0.12755266956404362,0.6239334261305023,0.10839801606725621,0.7908305461947627,0.3400265405689808,,
sample graphwise,cd,6,589,8.0,0.0,3782.1137521222413,275.7030136693522,12755.081494057726,1296.5375347814881,10.0,0.0,173.42275042444822,19.80858036136408,10.0,0.0,20.0,0.0,25.0,0.0,0.5096922429413099,0.07028385855236322,6.0,0.0,173.42275042444822,19.80858036136408,74.99151103565364,23.512918009818893,0.42930716061601093,0.1154369809225959,0.5706928393839891,0.11543698092259591,6.738152427152669,0.8246059051254476,6.452461799660441,0.8929728780509641,11.908319185059423,2.3980216931327996,0.5156680054474163,0.1411360387747807,0.4957771867375902,0.1915312219987857,0.12179020327981482,0.0755190131767752,0.09881602892191856,0.07744700159995362,17.17610954301684,2.081461281957676,20.83616298811545,6.7922656164445385,0.789518469119983,0.08678579842140369,0.9469634888012115,0.13056072947029237,0.621680121701773,0.11015507267537909,0.7890998349594546,0.3462936055436713,,
sample graphwise,uc,6,360,8.0,0.0,3790.036111111111,254.6622519826536,12828.941666666668,1265.6971484510907,10.0,0.0,174.0861111111111,20.36829852679264,10.0,0.0,20.0,0.0,25.0,0.0,0.5120774235043277,0.0705049800814331,6.0,0.0,174.0861111111111,20.36829852679264,76.525,21.616722886074417,0.4380395290113414,0.10847153761340905,0.5619604709886586,0.10847153761340905,6.736611521222967,0.924053933718831,6.3902777777777775,0.9150227262238753,12.15,2.7324693756543526,0.5303442464604629,0.13487441003565584,0.5095308699985367,0.18159272432662707,0.1312543880765986,0.08066758668596512,0.10907138067439125,0.08449851398368947,17.007528493730053,1.988565244079908,20.643055555555556,6.914433904459266,0.792096996196401,0.08505686841708174,0.9440022088896112,0.1282036607341269,0.6184863637051043,0.1044875398515631,0.7872691319130948,0.3433159295719285,,
sample graphwise,nonibd,6,357,8.0,0.0,3759.450980392157,228.6020136619521,12805.06162464986,1123.8798876235144,10.0,0.0,172.2268907563025,20.322788870513335,10.0,0.0,20.0,0.0,25.0,0.0,0.5044355256048159,0.06908204308039745,6.0,0.0,172.2268907563025,20.322788870513335,75.10084033613445,23.227432935010658,0.4331011007787155,0.1154682133545697,0.5668988992212844,0.1154682133545697,6.58164385910832,0.8428215175702627,6.34593837535014,0.8950949602131839,11.666666666666666,2.4353450875823692,0.5718314677684524,0.13052696092718175,0.5555839978789355,0.17595355188854617,0.15526567005061565,0.08306158304565622,0.13577608152715606,0.0890066018136898,17.03819079338677,2.0937482470769164,20.551820728291318,6.971087010496834,0.8125392947068382,0.08244436440104037,0.9520398481306918,0.12160339655731292,0.6331438989082753,0.10877921168075469,0.7972773194692636,0.3258767990499309,,
sample graphwise,overall,7,1306,8.0,0.0,3778.102603369066,258.04000641178845,12789.10336906585,1243.3909973601899,10.0,0.0,173.27871362940274,20.11742991538385,10.0,0.0,20.0,0.0,25.0,0.0,0.50891277656578,0.07007946794462293,7.0,0.0,173.27871362940274,20.11742991538385,68.77029096477794,21.969125755001635,0.39432017567669325,0.11004991598395503,0.6056798243233068,0.11004991598395503,6.8552180038676145,0.9094637552099488,6.541347626339969,0.9528578872399475,12.098774885145483,2.6210740407254725,0.5389929467491196,0.13814531212996317,0.5180049224590582,0.18447554082572917,0.13342302151393515,0.08048425821774906,0.11208551594549575,0.0840286311423107,17.85933616480318,1.9762787136591151,22.5,5.556820512787174,0.8160835351256002,0.08002468385008923,0.9680100047050811,0.09978369895338517,0.6572590154213105,0.1042474334130395,0.8734008134821841,0.2844381572464925,,
sample graphwise,cd,7,589,8.0,0.0,3782.1137521222413,275.7030136693522,12755.081494057726,1296.5375347814881,10.0,0.0,173.42275042444822,19.80858036136408,10.0,0.0,20.0,0.0,25.0,0.0,0.5096922429413099,0.07028385855236322,7.0,0.0,173.42275042444822,19.80858036136408,68.26825127334465,22.49948561188323,0.3906386077066292,0.11161417205601332,0.6093613922933707,0.11161417205601333,6.907985887527672,0.8704002427076165,6.615449915110356,0.9496218582349051,12.103565365025467,2.514029400121403,0.5191477681975443,0.1409403347811845,0.49783123249745853,0.18869925060892365,0.12121079696590421,0.07538719811912532,0.09932611914000175,0.07711564749474017,17.95027691987345,1.989457502077013,22.56706281833616,5.495499164531021,0.8097445593680415,0.08143976849043988,0.9663025379316076,0.10639958790266354,0.6555207145108942,0.10592779252636983,0.8731970218049044,0.28828882924548493,,
sample graphwise,uc,7,360,8.0,0.0,3790.036111111111,254.6622519826536,12828.941666666668,1265.6971484510907,10.0,0.0,174.0861111111111,20.36829852679264,10.0,0.0,20.0,0.0,25.0,0.0,0.5120774235043277,0.0705049800814331,7.0,0.0,174.0861111111111,20.36829852679264,69.78611111111111,20.744914407281417,0.39934357502763806,0.10510475472910778,0.6006564249723619,0.10510475472910778,6.887759316060349,0.975800845114074,6.545833333333333,0.9775163397327149,12.344444444444445,2.7815307980043853,0.534769283450178,0.13447809895346446,0.5119481613661179,0.18043686188195202,0.1317099113519829,0.08137993839881152,0.10987538947227311,0.08583158415871228,17.77238896198325,1.912246953138184,22.431944444444444,5.612382797313477,0.8123356981580442,0.07929139170829146,0.9657148664668536,0.10096626761013063,0.6524198296277335,0.1004792028304535,0.8690532090491754,0.28783352950549806,,
sample graphwise,nonibd,7,357,8.0,0.0,3759.450980392157,228.6020136619521,12805.06162464986,1123.8798876235144,10.0,0.0,172.2268907563025,20.322788870513335,10.0,0.0,20.0,0.0,25.0,0.0,0.5044355256048159,0.06908204308039745,7.0,0.0,172.2268907563025,20.322788870513335,68.57422969187675,22.247857852577045,0.395328634410664,0.11208479995030216,0.604671365589336,0.11208479995030216,6.735343617690696,0.8920144517004823,6.4145658263305325,0.9192072118559333,11.843137254901961,2.6031739333704884,0.5759938681902871,0.12949323852806072,0.5573963436939059,0.17509072273486526,0.1552989876682573,0.08315488598814087,0.13536543260879014,0.0881727285330309,17.796974507320797,2.011311611826457,22.45798319327731,5.5997123145140035,0.8303212887096961,0.07656117598077901,0.9731415108544873,0.0861996881528261,0.6650068196843996,0.10475761660148902,0.8781211801314865,0.2743459062871195,,
sample graphwise,overall,8,1306,8.0,0.0,3778.102603369066,258.04000641178845,12789.10336906585,1243.3909973601899,10.0,0.0,173.27871362940274,20.11742991538385,10.0,0.0,20.0,0.0,25.0,0.0,0.50891277656578,0.07007946794462293,8.0,0.0,173.27871362940274,20.11742991538385,63.66232771822359,21.18535724999476,0.3649104850054745,0.10693510568424396,0.6350895149945255,0.10693510568424396,6.962161281364799,0.9348673471119929,6.645482388973966,0.983149900042334,12.260336906584993,2.6583805839395334,0.5427666376784146,0.13729197374334484,0.5221260960588252,0.18458156980919052,0.1338563968576652,0.08018853003879312,0.1130206805710427,0.08266542756246553,18.432146787761756,1.9068286860195967,23.485068912710567,4.392667463567069,0.8312584953130591,0.07525796257646011,0.9825443705719792,0.07218690472495848,0.6829718626442334,0.10067348549303819,0.9200821287332202,0.2331429357110346,,
sample graphwise,cd,8,589,8.0,0.0,3782.1137521222413,275.7030136693522,12755.081494057726,1296.5375347814881,10.0,0.0,173.42275042444822,19.80858036136408,10.0,0.0,20.0,0.0,25.0,0.0,0.5096922429413099,0.07028385855236322,8.0,0.0,173.42275042444822,19.80858036136408,63.04923599320883,21.73866904881522,0.36065653095852784,0.10897712992422454,0.6393434690414721,0.10897712992422454,7.015291955693082,0.8850619609151456,6.695246179966044,0.9481880578480617,12.308998302207131,2.6059101916589573,0.5226038377831868,0.1399404787614879,0.5013584342603539,0.18783605257796365,0.12149516350377995,0.0753651724841108,0.10028408957122276,0.07601883589152807,18.53054591915597,1.9317488028396705,23.439728353140918,4.422432850829499,0.8256565524112154,0.07667679840015579,0.9819901567283507,0.07384505209606618,0.682072224693869,0.10273062936967,0.9158376699438778,0.23787883909927468,,
sample graphwise,uc,8,360,8.0,0.0,3790.036111111111,254.6622519826536,12828.941666666668,1265.6971484510907,10.0,0.0,174.0861111111111,20.36829852679264,10.0,0.0,20.0,0.0,25.0,0.0,0.5120774235043277,0.0705049800814331,8.0,0.0,174.0861111111111,20.36829852679264,64.69444444444444,19.932412805451165,0.37009452533563486,0.10124667644679243,0.6299054746643651,0.10124667644679243,6.992012279373786,1.0241520141181533,6.688888888888889,1.0582421949676153,12.466666666666667,2.800595174839329,0.5394673382855653,0.13340337494198284,0.5177765242941142,0.18275726163707326,0.13236873018389725,0.08107822377713346,0.11000588232268957,0.08312218615659973,18.341341287647893,1.828138194126382,23.56111111111111,4.331459708906057,0.8277357719048928,0.07458262699110987,0.9804247973790723,0.07653253141153837,0.6780551917813756,0.09656520345388839,0.9251106583044628,0.22872299166141247,,
sample graphwise,nonibd,8,357,8.0,0.0,3759.450980392157,228.6020136619521,12805.06162464986,1123.8798876235144,10.0,0.0,172.2268907563025,20.322788870513335,10.0,0.0,20.0,0.0,25.0,0.0,0.5044355256048159,0.06908204308039745,8.0,0.0,172.2268907563025,20.322788870513335,63.63305322128851,21.445059108000308,0.3667013096967737,0.10881963260449584,0.6332986903032263,0.10881963260449586,6.8444012632622915,0.9097914435337616,6.519607843137255,0.9495137264943726,11.971988795518207,2.570964727515055,0.579359458181818,0.12914488801311483,0.5607759521781408,0.17470542477832934,0.15575086870078808,0.08239959654765593,0.13707440457188605,0.08741822506028857,18.361370573895655,1.9352651137413706,23.483193277310924,4.403620600916653,0.844053242641143,0.07198713726589755,0.9855961305253225,0.06438468439172094,0.6894141266873526,0.10096882638200554,0.9220141051513583,0.2295100993804318,,
participant average,overall,0,106,8.0,0.0,3779.732793661663,150.00871271930885,12794.522085035218,754.0244153794341,10.0,0.0,173.23417343619775,7.637956972165621,10.0,0.0,20.0,0.0,25.0,0.0,0.5086236590983204,0.030874370282431476,0.0,0.0,173.23417343619775,7.637956972165621,173.23417343619775,7.637956972165621,1.0,0.0,0.0,0.0,4.599034165553363,0.2299071054705307,4.321857782774318,0.2147524438044448,10.516136764146443,0.7991479120164192,0.4700526920542404,0.0897972168939197,0.44679871826643774,0.11194317568678747,0.13165110216586673,0.054650924336817876,0.10095407109939085,0.059740164908986,4.599034165553363,0.2299071054705307,4.321857782774318,0.2147524438044448,0.4700526920542404,0.0897972168939197,0.44679871826643774,0.11194317568678747,0.13165110216586673,0.054650924336817876,0.10095407109939085,0.059740164908986,12.320754716981131,5.208025682144241
participant average,cd,0,50,8.0,0.0,3779.8958977935813,157.35362248404596,12740.710231177012,800.1763279144094,10.0,0.0,173.26577581721162,8.487047468695941,10.0,0.0,20.0,0.0,25.0,0.0,0.508802936015931,0.03561297155734153,0.0,0.0,173.26577581721162,8.487047468695941,173.26577581721162,8.487047468695941,1.0,0.0,0.0,0.0,4.6404614178444925,0.18991022181999304,4.34492748898325,0.19619154672856873,10.541211212487429,0.7509194537087467,0.453102107695764,0.09544751913997211,0.42770615381898525,0.11663375531994022,0.12414517018463606,0.05869066934646083,0.09165903785728148,0.064359889033177,4.6404614178444925,0.18991022181999304,4.34492748898325,0.19619154672856873,0.453102107695764,0.09544751913997211,0.42770615381898525,0.11663375531994022,0.12414517018463606,0.05869066934646083,0.09165903785728148,0.064359889033177,11.78,4.830279495018896
participant average,uc,0,30,8.0,0.0,3783.2169358936953,137.41971256162094,12804.573655435579,690.7284017498473,10.0,0.0,173.87985129940873,7.34191484657512,10.0,0.0,20.0,0.0,25.0,0.0,0.5101704008765958,0.027367414761505646,0.0,0.0,173.87985129940873,7.34191484657512,173.87985129940873,7.34191484657512,1.0,0.0,0.0,0.0,4.614086034685544,0.29184024777088075,4.337871193893875,0.25436502270670946,10.795215583748696,0.8882439086756914,0.46955058175184533,0.08108541483700282,0.4464331103357565,0.10752940700956312,0.13026244396408596,0.050189813003549466,0.10080602991109101,0.05568389334950142,4.614086034685544,0.29184024777088075,4.337871193893875,0.25436502270670946,0.46955058175184533,0.08108541483700282,0.4464331103357565,0.10752940700956312,0.13026244396408596,0.050189813003549466,0.10080602991109101,0.05568389334950142,12.0,5.501514942874069
participant average,nonibd,0,26,8.0,0.0,3775.3989677556306,149.3434070909981,12886.40845353135,722.4951889673285,10.0,0.0,172.4283867074661,5.999424057994867,10.0,0.0,20.0,0.0,25.0,0.0,0.5064941937433676,0.023993032716229833,0.0,0.0,172.4283867074661,5.999424057994867,172.4283867074661,5.999424057994867,1.0,0.0,0.0,0.0,4.501998831379442,0.18677783704779916,4.259015950311497,0.18459830090733997,10.145902648565034,0.6170759979831146,0.5032293277079202,0.07819769811441153,0.4839370436623247,0.09750252741254083,0.14768788467028815,0.04772960734964026,0.11899995178225489,0.050147425079987026,4.501998831379442,0.18677783704779916,4.259015950311497,0.18459830090733997,0.5032293277079202,0.07819769811441153,0.4839370436623247,0.09750252741254083,0.14768788467028815,0.04772960734964026,0.11899995178225489,0.050147425079987026,13.73076923076923,5.302812695655684
participant average,overall,1,106,8.0,0.0,3779.732793661663,150.00871271930885,12794.522085035218,754.0244153794341,10.0,0.0,173.23417343619775,7.637956972165621,10.0,0.0,20.0,0.0,25.0,0.0,0.5086236590983204,0.030874370282431476,1.0,0.0,173.23417343619775,7.637956972165621,149.9169621495453,9.249678776604313,0.8637884605085149,0.03202943940319116,0.13621153949148507,0.03202943940319114,5.298027929651234,0.2647779267085736,4.997039983195066,0.25437524362946945,10.865660558109992,0.9171096761489304,0.4908535251775059,0.0907441122389608,0.4704366258424862,0.1121001449019116,0.1324011933262025,0.05546468627198513,0.10701421847000056,0.06074196863817,7.986933599724607,0.6349440181814026,5.473712828420349,0.5061585044072634,0.5592653544639792,0.08302168049830332,0.5312536099890386,0.11060244432379616,0.2501116552912871,0.05864715626437226,0.13624396261901042,0.06851354484636739,12.320754716981131,5.208025682144241
participant average,cd,1,50,8.0,0.0,3779.8958977935813,157.35362248404596,12740.710231177012,800.1763279144094,10.0,0.0,173.26577581721162,8.487047468695941,10.0,0.0,20.0,0.0,25.0,0.0,0.508802936015931,0.03561297155734153,1.0,0.0,173.26577581721162,8.487047468695941,150.6391590297948,9.547063879090725,0.8673657883695566,0.03204468472589804,0.13263421163044334,0.03204468472589802,5.343786490330075,0.2154123786409545,5.055352916130847,0.22193106746318497,10.905257686570916,0.7945668161335467,0.47599640448948544,0.09572919380029525,0.45238720049482056,0.11488177359701468,0.12498614683685572,0.05883045604914863,0.09752373119986103,0.06355426493257972,7.95652537551539,0.6479299458706671,5.461740718204038,0.35565021746965486,0.544746963715735,0.08458455551758137,0.5179462307904824,0.1142333504666565,0.24043665050579668,0.0589122998944468,0.1251129569876702,0.07044316753350449,11.78,4.830279495018896
participant average,uc,1,30,8.0,0.0,3783.2169358936953,137.41971256162094,12804.573655435579,690.7284017498473,10.0,0.0,173.87985129940873,7.34191484657512,10.0,0.0,20.0,0.0,25.0,0.0,0.5101704008765958,0.027367414761505646,1.0,0.0,173.87985129940873,7.34191484657512,149.88307257938266,9.330876627106125,0.860922653126615,0.032408728288399524,0.13907734687338497,0.03240872828839952,5.316741028440714,0.3275826190473053,4.987168420873832,0.2821783500447387,11.12643184319756,1.1567256089698725,0.48842405364190095,0.08396186712121143,0.4707649148245085,0.11011578264053065,0.1309487809306634,0.05193184052653036,0.10607481506978628,0.058125671383788456,8.056319320262352,0.649566707870133,5.4790813058157255,0.6099490972162812,0.5586524283730027,0.08075087894383476,0.5264821445464923,0.10333771684954758,0.2516404789715129,0.058937939481239245,0.13510949364775962,0.06424190904978952,12.0,5.501514942874069
participant average,nonibd,1,26,8.0,0.0,3775.3989677556306,149.3434070909981,12886.40845353135,722.4951889673285,10.0,0.0,172.4283867074661,5.999424057994867,10.0,0.0,20.0,0.0,25.0,0.0,0.5064941937433676,0.023993032716229833,1.0,0.0,172.4283867074661,5.999424057994867,148.56722534540697,8.380922705181153,0.8602156846779346,0.03080510418908961,0.13978431532206542,0.030805104189089584,5.188438660511749,0.23733217843711465,4.896289991766141,0.24578371922542008,10.488622289814863,0.668918779881898,0.5222281475032429,0.07998972555403905,0.5047682642241251,0.10027840544576443,0.1483367585697991,0.04911430627288121,0.1263490825282085,0.05318019194291085,7.965350507198783,0.5845040683682012,5.490541720303205,0.6094113226155592,0.5878925590848062,0.07478408997785625,0.562350260881508,0.10546320464508627,0.2669534064015853,0.053607292894486146,0.15895874533841553,0.06385198287087818,13.73076923076923,5.302812695655684
participant average,overall,2,106,8.0,0.0,3779.732793661663,150.00871271930885,12794.522085035218,754.0244153794341,10.0,0.0,173.23417343619775,7.637956972165621,10.0,0.0,20.0,0.0,25.0,0.0,0.5086236590983204,0.030874370282431476,2.0,0.0,173.23417343619775,7.637956972165621,126.69978396831712,9.226066563442108,0.7289574063366797,0.03905238028353711,0.2710425936633202,0.039052380283537115,5.6303794172810875,0.2791922054036745,5.358294932179657,0.2695422710248883,10.94149561580699,0.8335200946892803,0.5101193276617332,0.089819875901019,0.4925177625055481,0.10785629136735317,0.13718538303296537,0.05529103188098263,0.112642079233201,0.05924456160502824,10.886420516294871,0.7440628042022147,7.305768443456449,1.4795984916211093,0.6413227923952471,0.07091017202667559,0.6389785334476448,0.1063658524971264,0.37029864525050704,0.0553566744957123,0.21839391567500327,0.09168599197643282,12.320754716981131,5.208025682144241
participant average,cd,2,50,8.0,0.0,3779.8958977935813,157.35362248404596,12740.710231177012,800.1763279144094,10.0,0.0,173.26577581721162,8.487047468695941,10.0,0.0,20.0,0.0,25.0,0.0,0.508802936015931,0.03561297155734153,2.0,0.0,173.26577581721162,8.487047468695941,126.56810160141679,10.269940872669402,0.7271765789914743,0.04459913291496323,0.2728234210085257,0.044599132914963244,5.6973254581866035,0.25565683089034047,5.428710430839856,0.24590989484088938,11.040203323680103,0.7947563942968456,0.494777774584752,0.09612722344523525,0.47304351969910535,0.11409174999435248,0.1291300256698759,0.059651237352094516,0.10251257552944647,0.0628902936369066,10.966364542320607,0.8601270397959312,7.401305482887762,1.6581584611792888,0.6316662530536636,0.0726958413724209,0.6290065325145029,0.10891227600813197,0.366108696251164,0.05819134497735335,0.2095295385060411,0.10545065180975868,11.78,4.830279495018896
participant average,uc,2,30,8.0,0.0,3783.2169358936953,137.41971256162094,12804.573655435579,690.7284017498473,10.0,0.0,173.87985129940873,7.34191484657512,10.0,0.0,20.0,0.0,25.0,0.0,0.5101704008765958,0.027367414761505646,2.0,0.0,173.87985129940873,7.34191484657512,127.87092103812593,7.452577279853816,0.7345533193364963,0.028572815665769496,0.2654466806635035,0.028572815665769483,5.6095169187234415,0.2773055804039228,5.31046651624152,0.25788719510745245,11.009909087798777,0.8840563347781427,0.5079529161526574,0.08250095497266198,0.49022714643696413,0.09993038629879518,0.13628124262055558,0.051502125769881044,0.11296262391833352,0.05701258708416796,10.759988613532565,0.5358495520717766,6.987928151681854,1.1154157207935895,0.6368560028039005,0.06643403275813635,0.6294395480542068,0.09353575250949162,0.36489768265874606,0.04852813490009787,0.2053720041281687,0.06545239729062172,12.0,5.501514942874069
participant average,nonibd,2,26,8.0,0.0,3775.3989677556306,149.3434070909981,12886.40845353135,722.4951889673285,10.0,0.0,172.4283867074661,5.999424057994867,10.0,0.0,20.0,0.0,25.0,0.0,0.5064941937433676,0.023993032716229833,2.0,0.0,172.4283867074661,5.999424057994867,125.60170728565377,8.791553580066081,0.7259252516161327,0.037404250445550874,0.2740747483838673,0.03740425044555089,5.525709144644679,0.2886005839910932,5.27806714545405,0.29079275170501384,10.672734479137402,0.7871549542400516,0.542122019935631,0.07606041297861973,0.5326112479816886,0.09235229599034243,0.15371969382245643,0.04648734433427372,0.1317520347960377,0.04889173164919981,10.878564969432643,0.687219769468769,7.48878216582846,1.426392900613687,0.6650470483498458,0.06692740715849843,0.6691619799268841,0.10959724574436118,0.38458811939358356,0.054701803646902,0.2504660774001243,0.08105016834086988,13.73076923076923,5.302812695655684
participant average,overall,3,106,8.0,0.0,3779.732793661663,150.00871271930885,12794.522085035218,754.0244153794341,10.0,0.0,173.23417343619775,7.637956972165621,10.0,0.0,20.0,0.0,25.0,0.0,0.5086236590983204,0.030874370282431476,3.0,0.0,173.23417343619775,7.637956972165621,108.18383876243526,8.851649189289372,0.6218695372003531,0.03912209791002285,0.3781304627996469,0.03912209791002285,5.970096210417227,0.28323069781374427,5.674638805777438,0.2911385737785093,11.143570188935529,0.8065013065004979,0.5204851447446666,0.08918143090401036,0.501066649096105,0.10649756451619946,0.13693347363232583,0.0559884154372308,0.11344818981267586,0.05969779721912912,13.169785272789062,0.7534075006141739,10.509320043953743,1.9178709103859497,0.6999528802292969,0.06105613487388726,0.7485457068824455,0.09658317921212645,0.46240942669387736,0.05089218248156392,0.35295741898818467,0.10565086339174648,12.320754716981131,5.208025682144241
participant average,cd,3,50,8.0,0.0,3779.8958977935813,157.35362248404596,12740.710231177012,800.1763279144094,10.0,0.0,173.26577581721162,8.487047468695941,10.0,0.0,20.0,0.0,25.0,0.0,0.508802936015931,0.03561297155734153,3.0,0.0,173.26577581721162,8.487047468695941,108.03491438620009,9.603614275260771,0.6198932339799397,0.042509909902416945,0.3801067660200604,0.042509909902416945,6.008157496553629,0.25862907651607175,5.693689093563741,0.2679038241001983,11.238814695116284,0.7445272252704143,0.5064225894415137,0.09627647091170419,0.48519555857456564,0.11463312771034675,0.12969905919002414,0.06154546483995119,0.10430614344630883,0.06514610385454339,13.228831124597635,0.8139367803675611,10.600140001721407,2.0523028963235967,0.6926637641714933,0.06176549905504778,0.7442797813623695,0.09512075058670898,0.45973032855913354,0.05241784598690991,0.35000206666910494,0.11217646225872682,11.78,4.830279495018896
participant average,uc,3,30,8.0,0.0,3783.2169358936953,137.41971256162094,12804.573655435579,690.7284017498473,10.0,0.0,173.87985129940873,7.34191484657512,10.0,0.0,20.0,0.0,25.0,0.0,0.5101704008765958,0.027367414761505646,3.0,0.0,173.87985129940873,7.34191484657512,109.27181258256809,7.031523319870959,0.6275172874653598,0.030587900831073347,0.37248271253464005,0.030587900831073333,5.973613921372495,0.30882869281842484,5.68220361793723,0.3077198185398025,11.194562299697582,0.862541132024115,0.5174871827416009,0.0820358595178038,0.49821089916494715,0.09976924946088568,0.13519642689763955,0.05110680129460438,0.11280923961838019,0.055086468370059496,13.061335293029298,0.6232186709485386,10.353440254948534,1.7301383560298071,0.6954914248862081,0.05771332417916326,0.7408847552651514,0.09363530199772148,0.45661551906035797,0.0443127972571141,0.34323021273370646,0.09656941932930502,12.0,5.501514942874069
participant average,nonibd,3,26,8.0,0.0,3775.3989677556306,149.3434070909981,12886.40845353135,722.4951889673285,10.0,0.0,172.4283867074661,5.999424057994867,10.0,0.0,20.0,0.0,25.0,0.0,0.5064941937433676,0.023993032716229833,3.0,0.0,172.4283867074661,5.999424057994867,107.2148773858112,9.092492591175471,0.619153485395371,0.040416043967275724,0.38084651460462904,0.04041604396727575,5.892842532129606,0.282134724803087,5.629275007542479,0.3089686432504923,10.901570626170168,0.8052115377830504,0.5509877072542672,0.07425277691596167,0.5348830730965554,0.08857790376472051,0.15285009379215939,0.04609144327977505,0.1317662984337229,0.048680224204685894,13.181370149803078,0.7560187186299443,10.51452757402194,1.8434025964561584,0.7191182441978684,0.05937974407354386,0.7655889693640854,0.10060452975413886,0.4742468165301376,0.05307544782953577,0.36986448835696645,0.10067622722788398,13.73076923076923,5.302812695655684
participant average,overall,4,106,8.0,0.0,3779.732793661663,150.00871271930885,12794.522085035218,754.0244153794341,10.0,0.0,173.23417343619775,7.637956972165621,10.0,0.0,20.0,0.0,25.0,0.0,0.5086236590983204,0.030874370282431476,4.0,0.0,173.23417343619775,7.637956972165621,94.16337893654168,8.698325412629506,0.540886453308238,0.040207952769519044,0.459113546691762,0.040207952769519044,6.271953700378174,0.29961433171801777,5.965470994401775,0.3180380968950659,11.477686676341078,0.8509424917075575,0.5267234339623305,0.08920475389059197,0.5054465486109596,0.10669581454024255,0.13586438191368344,0.05606299744895871,0.11308107721933895,0.05938479816018103,14.87480864112949,0.7659490852176828,14.213410075401933,2.3400262595795285,0.7421739066500671,0.05385014119101904,0.8384604142894057,0.08676033119243344,0.5317799339611886,0.04759192831916102,0.5038844718480293,0.12369867355723252,12.320754716981131,5.208025682144241
participant average,cd,4,50,8.0,0.0,3779.8958977935813,157.35362248404596,12740.710231177012,800.1763279144094,10.0,0.0,173.26577581721162,8.487047468695941,10.0,0.0,20.0,0.0,25.0,0.0,0.508802936015931,0.03561297155734153,4.0,0.0,173.26577581721162,8.487047468695941,93.84210123547052,9.282962648646803,0.5381670423508115,0.04210439735790703,0.4618329576491886,0.04210439735790702,6.316243268195698,0.2807197371149177,6.035876051156035,0.2933149883006619,11.550246183304736,0.8223039748793469,0.5128213147605767,0.09603646663477595,0.4899036249261379,0.11368993416543344,0.12824827438916506,0.06112063705655271,0.10363652009036667,0.06418384912165674,14.949055321757394,0.8043640515034406,14.592190295548216,2.404371618852734,0.7363569159076294,0.05371024613962545,0.8393097377244153,0.08110071820125801,0.5300979000346286,0.04794355502631604,0.5139894334744453,0.12518895988957254,11.78,4.830279495018896
participant average,uc,4,30,8.0,0.0,3783.2169358936953,137.41971256162094,12804.573655435579,690.7284017498473,10.0,0.0,173.87985129940873,7.34191484657512,10.0,0.0,20.0,0.0,25.0,0.0,0.5101704008765958,0.027367414761505646,4.0,0.0,173.87985129940873,7.34191484657512,95.11800042338373,6.6674922281119855,0.5459310697740464,0.031976310245673746,0.4540689302259536,0.03197631024567375,6.287540646318906,0.31073949686623126,5.94111338035167,0.3179554703872668,11.559801300101812,0.9029304914456552,0.523137495169266,0.08230399224553482,0.5025202093599567,0.09999412175505017,0.13426250778541504,0.05141213289542319,0.112075876026815,0.05477743905678946,14.784198194269377,0.6432023688526919,13.714683269797012,1.9746332184375404,0.7381133972648739,0.05027063973385848,0.8300386710247083,0.08678994616797672,0.526836889331307,0.04039038883549083,0.4788778272012357,0.10946763561526099,12.0,5.501514942874069
participant average,nonibd,4,26,8.0,0.0,3775.3989677556306,149.3434070909981,12886.40845353135,722.4951889673285,10.0,0.0,172.4283867074661,5.999424057994867,10.0,0.0,20.0,0.0,25.0,0.0,0.5064941937433676,0.023993032716229833,4.0,0.0,172.4283867074661,5.999424057994867,93.67973433839919,9.485082589665964,0.5402953784581253,0.04425111427228426,0.45970462154187486,0.04425111427228427,6.168796516951323,0.29719808738915965,5.858181593778321,0.3294651339801337,11.243401520148572,0.7989074100969376,0.5575959002653927,0.07449706416638906,0.5387133317560048,0.09185255721321921,0.15235905883960546,0.046834537784316545,0.13240353461258256,0.049467084733070106,14.836577078606723,0.8054280778103557,14.060440581587828,2.4741527341761875,0.7580456304453626,0.05498004886024224,0.8465444960659608,0.09591572178516897,0.5407181276236668,0.05308438081755276,0.513305674081991,0.13194731722359632,13.73076923076923,5.302812695655684
participant average,overall,5,106,8.0,0.0,3779.732793661663,150.00871271930885,12794.522085035218,754.0244153794341,10.0,0.0,173.23417343619775,7.637956972165621,10.0,0.0,20.0,0.0,25.0,0.0,0.5086236590983204,0.030874370282431476,5.0,0.0,173.23417343619775,7.637956972165621,83.53591346045891,8.282538100760965,0.4795959783233554,0.03953913917684667,0.5204040216766446,0.03953913917684668,6.510890510222803,0.3218908075065967,6.209633162326441,0.3577752019521032,11.759989438503812,0.8609073366636181,0.5330388999307866,0.08895263083505864,0.5116533760600219,0.10695685670637488,0.13560045367609033,0.05570910948252203,0.11329356447326275,0.058537322631970624,16.140627176828986,0.736857361747732,17.69475731632533,2.5792667027575815,0.7739262432378621,0.04886258799481623,0.9042310773675734,0.06806371094425578,0.5844401927100138,0.045695161027519554,0.6565146838847375,0.1321544220884892,12.320754716981131,5.208025682144241
participant average,cd,5,50,8.0,0.0,3779.8958977935813,157.35362248404596,12740.710231177012,800.1763279144094,10.0,0.0,173.26577581721162,8.487047468695941,10.0,0.0,20.0,0.0,25.0,0.0,0.508802936015931,0.03561297155734153,5.0,0.0,173.26577581721162,8.487047468695941,82.95685445195984,8.596593326389998,0.47550302514154263,0.03993339925842063,0.5244969748584574,0.03993339925842062,6.549761538165958,0.2956658087731128,6.272399908895938,0.32707868346209057,11.705359141509094,0.748383755837532,0.5203630766581332,0.09660779540939714,0.4979340232401853,0.11496493317895973,0.12825585674894688,0.06022619639116014,0.10367676113963002,0.06217039892450044,16.235901647158652,0.7433926773907212,18.16057997664829,2.4303588252898765,0.7698551178215451,0.04883818524471966,0.9067584933925416,0.060528146889748044,0.5844033005826078,0.045676625483211795,0.6719785955924337,0.12385464039515716,11.78,4.830279495018896
participant average,uc,5,30,8.0,0.0,3783.2169358936953,137.41971256162094,12804.573655435579,690.7284017498473,10.0,0.0,173.87985129940873,7.34191484657512,10.0,0.0,20.0,0.0,25.0,0.0,0.5101704008765958,0.027367414761505646,5.0,0.0,173.87985129940873,7.34191484657512,84.52473707521698,6.5167352085432935,0.48494567736750127,0.03267168723870737,0.5150543226324987,0.032671687238707385,6.5244620777711235,0.3531889567147908,6.182125013957192,0.3851764290776797,11.983617770545015,1.0069078483524083,0.5285332752490464,0.08169139145659718,0.5066299134254603,0.10136993397390603,0.13379900135174744,0.052081992028994814,0.11244448351526486,0.055419239174810564,16.042406474215227,0.6362512322928977,17.188490878659138,2.616993648692347,0.7696242418184618,0.04584912008055712,0.8985102007988223,0.07565146076279895,0.5792540834431418,0.03983887220442073,0.6315792230244704,0.13926381252982784,12.0,5.501514942874069
participant average,nonibd,5,26,8.0,0.0,3775.3989677556306,149.3434070909981,12886.40845353135,722.4951889673285,10.0,0.0,172.4283867074661,5.999424057994867,10.0,0.0,20.0,0.0,25.0,0.0,0.5064941937433676,0.023993032716229833,5.0,0.0,172.4283867074661,5.999424057994867,83.50853815208244,9.3158720502861,0.4812943124682115,0.044801371941764236,0.5187056875317885,0.04480137194176424,6.420479032391749,0.31478081915370754,6.120668051657315,0.35857676172772013,11.607015011138405,0.8293963323362276,0.562614280857128,0.07350812098790746,0.5438330499072788,0.0890982457620408,0.15180327737176177,0.04666386874686607,0.13276712583563086,0.04934936396865062,16.070738621518572,0.8063987402711575,17.383098089934474,2.655338396571837,0.7867191783685485,0.05004568520894507,0.9059716733604244,0.07200580571928165,0.5904951113398776,0.05100570469132796,0.6555480777471691,0.13470805421224716,13.73076923076923,5.302812695655684
participant average,overall,6,106,8.0,0.0,3779.732793661663,150.00871271930885,12794.522085035218,754.0244153794341,10.0,0.0,173.23417343619775,7.637956972165621,10.0,0.0,20.0,0.0,25.0,0.0,0.5086236590983204,0.030874370282431476,6.0,0.0,173.23417343619775,7.637956972165621,75.31153717957876,7.836349791537026,0.4320624399504567,0.037835821440528675,0.5679375600495434,0.037835821440528675,6.686244727167367,0.3385300014171788,6.398276337010012,0.34525586858161167,11.901514108506055,0.8224821450358968,0.5372982520181704,0.08858598396332441,0.5158007363156564,0.10499855689928965,0.1355214179878442,0.05546774160821704,0.11418392509182392,0.05886945573185061,17.100447262190066,0.6992243443087496,20.659889810245108,2.3444010652465463,0.7979514451042214,0.044333690993676816,0.9486451742488218,0.048414224155394085,0.6253870303855921,0.04267193417178184,0.7887584896624584,0.12076907945249521,12.320754716981131,5.208025682144241
participant average,cd,6,50,8.0,0.0,3779.8958977935813,157.35362248404596,12740.710231177012,800.1763279144094,10.0,0.0,173.26577581721162,8.487047468695941,10.0,0.0,20.0,0.0,25.0,0.0,0.508802936015931,0.03561297155734153,6.0,0.0,173.26577581721162,8.487047468695941,74.54889068802005,8.1519122269663,0.42702755383525975,0.03815431364697556,0.5729724461647403,0.03815431364697556,6.72266438450425,0.3150062303595755,6.441230344228392,0.3352206981940323,11.841865824152066,0.7638697867790855,0.5251726269303233,0.09568491126746127,0.5033614992607847,0.111708213523341,0.12783026816695472,0.05937718339213521,0.10484308130644421,0.061646069360848973,17.21147806831773,0.6925461313128902,20.784794397298906,2.110335514859938,0.7948311702900094,0.04448418849579651,0.950246839341672,0.04546931335206994,0.6262138249681082,0.04322044541927927,0.7882572780136852,0.10670080903165872,11.78,4.830279495018896
participant average,uc,6,30,8.0,0.0,3783.2169358936953,137.41971256162094,12804.573655435579,690.7284017498473,10.0,0.0,173.87985129940873,7.34191484657512,10.0,0.0,20.0,0.0,25.0,0.0,0.5101704008765958,0.027367414761505646,6.0,0.0,173.87985129940873,7.34191484657512,76.32041518119287,6.395425941323875,0.43752512368679525,0.03237860821880221,0.5624748763132046,0.03237860821880221,6.71168393821394,0.39535124718939196,6.3532455373293635,0.38122284884415025,12.168137482933556,0.8857582916864435,0.5326803297887373,0.08304400400478451,0.5106549721710826,0.10121073908977912,0.1337932156066434,0.052340050012364144,0.11343132825003294,0.0564603822609122,17.004042242998647,0.6327495089083075,20.71037249856354,2.7477788535794327,0.7938942067654028,0.04231843884129064,0.9467842881037789,0.051472302108199926,0.6202709711905815,0.03761420085956765,0.7913671351883269,0.14745676072401098,12.0,5.501514942874069
participant average,nonibd,6,26,8.0,0.0,3775.3989677556306,149.3434070909981,12886.40845353135,722.4951889673285,10.0,0.0,172.4283867074661,5.999424057994867,10.0,0.0,20.0,0.0,25.0,0.0,0.5064941937433676,0.023993032716229833,6.0,0.0,172.4283867074661,5.999424057994867,75.61407504609845,8.543022232593112,0.43544181663006004,0.041623665578142816,0.56455818336994,0.04162366557814282,6.586853988773462,0.287881611122676,6.3676310919908,0.3088001966004681,11.708579992539685,0.7774790267148564,0.5659451336056838,0.07281038856405456,0.5456597662033793,0.08893850863228109,0.15230617039094024,0.04694019193926799,0.1330154671888515,0.05118216365213084,16.99816304178081,0.7510394746954325,20.361439425543455,2.2381489107045716,0.8086334024455736,0.044603148650052535,0.947712225391467,0.05013354841423282,0.6297001860288424,0.0463541901990809,0.7867123826110203,0.11165615067768579,13.73076923076923,5.302812695655684
participant average,overall,7,106,8.0,0.0,3779.732793661663,150.00871271930885,12794.522085035218,754.0244153794341,10.0,0.0,173.23417343619775,7.637956972165621,10.0,0.0,20.0,0.0,25.0,0.0,0.5086236590983204,0.030874370282431476,7.0,0.0,173.23417343619775,7.637956972165621,68.6392167110085,7.47578989094136,0.39366364805782084,0.03665993067578512,0.606336351942179,0.03665993067578513,6.844155223977175,0.3588829358292476,6.529007516135933,0.3759302636643321,12.108655814585566,0.8423688996981296,0.5412920651171437,0.08846872652475628,0.5186538590797954,0.1056609537226226,0.13546723587536968,0.05589050704682094,0.1144792394899719,0.05888872555533063,17.86701229705302,0.6647142553529076,22.54010467155457,1.91066687782307,0.8173669316447227,0.0405851485123628,0.9686778263781961,0.03707884786026608,0.6585887949146038,0.04073042359661262,0.8744274608043582,0.10094760417379532,12.320754716981131,5.208025682144241
participant average,cd,7,50,8.0,0.0,3779.8958977935813,157.35362248404596,12740.710231177012,800.1763279144094,10.0,0.0,173.26577581721162,8.487047468695941,10.0,0.0,20.0,0.0,25.0,0.0,0.508802936015931,0.03561297155734153,7.0,0.0,173.26577581721162,8.487047468695941,67.84369062830949,7.830111725897772,0.3884409514116332,0.03707030765027263,0.6115590485883667,0.03707030765027264,6.889606126670946,0.32536381882972126,6.59971402537054,0.3562457350053179,12.072089429266237,0.7500929839976914,0.5288250941664152,0.09543927435786885,0.506831897878353,0.11193630118258352,0.12741046576736095,0.05967509728288624,0.10523478725320697,0.061873928363261006,17.984257896088078,0.6600775818330621,22.596884354966164,1.6271597733692391,0.8145908471243459,0.04061431147047147,0.9680841129786545,0.03434699187700327,0.6597443482908841,0.041244244860870576,0.8751590724723097,0.08713921539484469,11.78,4.830279495018896
participant average,uc,7,30,8.0,0.0,3783.2169358936953,137.41971256162094,12804.573655435579,690.7284017498473,10.0,0.0,173.87985129940873,7.34191484657512,10.0,0.0,20.0,0.0,25.0,0.0,0.5101704008765958,0.027367414761505646,7.0,0.0,173.87985129940873,7.34191484657512,69.52211593165961,6.238664221363224,0.39850089480112433,0.03284051547548339,0.6014991051988757,0.03284051547548339,6.860063693500853,0.43412523172230977,6.501636580728316,0.4216995764550499,12.395785503837732,0.9687853495866844,0.5369531325856247,0.08391616016706964,0.5123252127866202,0.10262987100468984,0.13436565394696165,0.05338402702406217,0.11414286542267231,0.057109025187520535,17.77472347087095,0.6171902891249573,22.554410775313485,2.1671542443731946,0.8140293901416192,0.03975364970495275,0.9675743861746704,0.03919558158672872,0.654352161280902,0.03751581849442042,0.8748970408171569,0.11259553311254301,12.0,5.501514942874069
participant average,nonibd,7,26,8.0,0.0,3775.3989677556306,149.3434070909981,12886.40845353135,722.4951889673285,10.0,0.0,172.4283867074661,5.999424057994867,10.0,0.0,20.0,0.0,25.0,0.0,0.5064941937433676,0.023993032716229833,7.0,0.0,172.4283867074661,5.999424057994867,69.15034469237074,7.915628821727305,0.3981258569043703,0.03863532408997948,0.6018741430956296,0.03863532408997949,6.738393715500296,0.2976672881040436,6.424615308462783,0.32486943528878875,11.847672298754853,0.7497856512519709,0.5702734698664512,0.07145935166858772,0.5486906840362333,0.08971936476767306,0.1522320806158573,0.04681236532403499,0.1326451561767886,0.050183017127296024,17.748027098349528,0.6881357290046012,22.414405929887362,2.085770160864299,0.8265565651490285,0.040094344352001904,0.9710927831506132,0.039444584291757935,0.6612550003067981,0.04286965808841596,0.8724786921973767,0.11095000748182668,13.73076923076923,5.302812695655684
participant average,overall,8,106,8.0,0.0,3779.732793661663,150.00871271930885,12794.522085035218,754.0244153794341,10.0,0.0,173.23417343619775,7.637956972165621,10.0,0.0,20.0,0.0,25.0,0.0,0.5086236590983204,0.030874370282431476,8.0,0.0,173.23417343619775,7.637956972165621,63.58151210065142,7.211453723590357,0.3645464005830689,0.035804410324432503,0.6354535994169312,0.035804410324432503,6.95196388410187,0.36298384945030093,6.627260278648562,0.3834953164819148,12.25193349876101,0.8192456495568432,0.5450304169147939,0.08745223731268027,0.5228853705025682,0.10409156106366683,0.1358193117104991,0.05541402630428991,0.11534900754729442,0.0573600514421342,18.43503750258485,0.6414340396238972,23.501147769299003,1.5028495421565509,0.83229619565639,0.03791409581305384,0.9830964582845617,0.02531903922840078,0.6839616226460522,0.03918004401631156,0.9206398674439793,0.08154465554499106,12.320754716981131,5.208025682144241
participant average,cd,8,50,8.0,0.0,3779.8958977935813,157.35362248404596,12740.710231177012,800.1763279144094,10.0,0.0,173.26577581721162,8.487047468695941,10.0,0.0,20.0,0.0,25.0,0.0,0.508802936015931,0.03561297155734153,8.0,0.0,173.26577581721162,8.487047468695941,62.711489674703635,7.537445066842764,0.3589827449422124,0.0361987424681093,0.6410172550577876,0.036198742468109286,6.990425766746029,0.3182579531283092,6.669921428110484,0.3571123937660903,12.246966462345181,0.7138003379025541,0.53233555068615,0.09434486867072645,0.5106303944269713,0.11044407878167746,0.12758847349711366,0.058872472428833054,0.1062933938401297,0.05922883615037525,18.552772981061054,0.6380775822396577,23.4386501708048,1.4430210156311774,0.829940102488437,0.03742690111481436,0.9832000231737078,0.02214885893614486,0.6856243583414917,0.03928248007461775,0.9167363339420942,0.07778584614094144,11.78,4.830279495018896
participant average,uc,8,30,8.0,0.0,3783.2169358936953,137.41971256162094,12804.573655435579,690.7284017498473,10.0,0.0,173.87985129940873,7.34191484657512,10.0,0.0,20.0,0.0,25.0,0.0,0.5101704008765958,0.027367414761505646,8.0,0.0,173.87985129940873,7.34191484657512,64.5726471853777,6.03385111160874,0.3700288076524133,0.03246341610576675,0.6299711923475866,0.03246341610576676,6.975745564785277,0.45666825550884066,6.644739614287839,0.44955992518445637,12.512250248380616,0.9190843514412655,0.5416918863486213,0.08286683768745201,0.5188084490531707,0.1024029434959754,0.13502641152133749,0.05319317948717086,0.11428410191745794,0.056220407010542185,18.334912573976165,0.5979987968917126,23.64007325569666,1.62630502625587,0.8290284108150023,0.0380179026171355,0.9815578233509402,0.030355397853262817,0.6792478129420305,0.037178118756530376,0.928340066817226,0.0877985555182813,12.0,5.501514942874069
participant average,nonibd,8,26,8.0,0.0,3775.3989677556306,149.3434070909981,12886.40845353135,722.4951889673285,10.0,0.0,172.4283867074661,5.999424057994867,10.0,0.0,20.0,0.0,25.0,0.0,0.5064941937433676,0.023993032716229833,8.0,0.0,172.4283867074661,5.999424057994867,64.11101474509766,7.608333165826815,0.36891988404316484,0.037110509173545296,0.6310801159568353,0.0371105091735453,6.850558324382247,0.2965957424085573,6.525051142407242,0.3268681190892976,11.961120011538071,0.7867468094491455,0.5732957718539232,0.07083488534743831,0.5511567723203287,0.08665605713974724,0.15256273156988828,0.046664430429736246,0.13399238655703785,0.05013928055912609,18.324151884679097,0.6567297562224909,23.461036820559794,1.4561455188842252,0.8405976650271326,0.037510808003800244,0.9846726430365366,0.02452898029357225,0.6862030651979242,0.04074335353908908,0.9192618172092428,0.08049623521332293,13.73076923076923,5.302812695655684
