bin_mid,avg_sample_graph,avg_participant,cd_participant,uc_participant,nonibd_participant
0.0024874371859296483,15.122606927674582,14.193657466778555,17.573401175898606,12.088347240754116,10.12335444080665
0.0074623115577889445,2.5668651956826514,2.450724179322378,2.6864650802638828,2.3646308778692884,2.0967147176499745
0.01243718592964824,1.8834055905322233,1.8252958717339232,1.9520210122063406,1.8434573349773151,1.5606381440061285
0.017412060301507538,1.6291976449739847,1.5779273326050227,1.6941301350644893,1.5733780928604444,1.359709527580563
0.022386934673366835,1.4569551542169854,1.415810806832083,1.4994556023188426,1.4245099132126442,1.2449180004568978
0.02736180904522613,1.3613623231496115,1.33369907978349,1.4139882377605673,1.3070934774445635,1.2099956248340258
0.03233668341708543,1.2692299368217423,1.2501781525444162,1.3203460562773015,1.243834329669504,1.1225596717599202
0.037311557788944724,1.179498070858633,1.1680634169326989,1.2431802660630473,1.2115263809191825,0.9734583640053172
0.04228643216080402,1.1704428697420783,1.1663941950489414,1.2530715377088597,1.1375315295474318,1.0330100732046867
0.04726130653266332,1.1685409435282017,1.1398365957280636,1.1872560549677538,1.1711943663137054,1.0124632849759965
0.05223618090452262,1.1205492021639827,1.110696338075623,1.2006881439488064,1.0872990335744308,0.9646320627439535
0.057211055276381914,1.078896290535702,1.0593603061984835,1.1298647207567185,1.0627390132303207,0.9198763854728351
0.062185929648241205,1.1162663445496261,1.0924041947632246,1.1233709644572534,1.141085570019615,0.9766818969788721
0.0671608040201005,1.064635812693609,1.0457025304015612,1.0822712584227774,1.0774458237786617,0.9387511764641062
0.0721356783919598,1.082797482927467,1.0680561773099557,1.1119768336732778,1.0688394667963574,0.9826895810500266
0.07711055276381909,1.076618570186791,1.0708052499373808,1.1395831131527563,1.068804181507239,0.9408490534810524
0.0820854271356784,1.0610518888192542,1.0592177783049348,1.130565264055982,1.016729201876149,0.9710363554322898
0.08706030150753769,1.058481969488132,1.048989439446404,1.122503728816626,1.0447473265168814,0.9125105517300418
0.092035175879397,1.0672791277788765,1.0721247430331802,1.1222694046171258,1.0352367434109067,1.0182557780128305
0.09701005025125628,1.074689349235932,1.071488930462604,1.1138144125352987,1.122246202925897,0.9315276890190075
0.10198492462311559,1.0768539316172454,1.0746906420460838,1.1577229909156574,1.086243734855658,0.9016825563627793
0.10695979899497488,1.1019658149593394,1.1137606047460935,1.2153808155858818,1.1275541019242472,0.9024215486947842
0.11193467336683419,1.1531028193934825,1.1394871016722579,1.2397401588021082,1.1390074476388403,0.9472462079995658
0.11690954773869347,1.174412023974649,1.1784168332449696,1.2513154687565706,1.2361952509996683,0.9715597444672371
0.12188442211055275,1.1761232470617233,1.1723701425512294,1.2043590565827724,1.2305263577992134,1.0437496748967416
0.12685929648241207,1.1913583380807715,1.1855639865530656,1.249116763898506,1.2560839339929983,0.9819779369196036
0.13183417085427135,1.1990486805711242,1.2244135063688453,1.2943794671418194,1.3313069377116842,0.9665250071790814
0.13680904522613066,1.2150272350621747,1.2140696726320785,1.2858072678700052,1.2867359626663695,0.9922670394426536
0.14178391959798997,1.2174858988804724,1.2151349890059178,1.253682079469519,1.2780310834662671,1.0684335521985888
0.14675879396984925,1.294115545690527,1.3122471948152088,1.4381099938733264,1.2831638502887261,1.1037610556955402
0.15173366834170854,1.2694775355813497,1.2714818356340278,1.3188445432534908,1.338637355476354,1.1029125673169924
0.15670854271356785,1.2575014652315333,1.277243185201534,1.3987849654688773,1.2416330285333725,1.0845976346891384
0.16168341708542713,1.2626491086055576,1.2730616455692492,1.3889295829584964,1.2521210994025003,1.074400857705407
0.16665829145728644,1.3096230237782645,1.3361186006404617,1.43079294547342,1.3099451874696024,1.1842526450049933
0.17163316582914573,1.2894365665591778,1.2968259927746233,1.3520202445026062,1.3813602835175232,1.0931436347482337
0.176608040201005,1.3658535461327823,1.3842184516232863,1.4356923207368992,1.4630653519864423,1.1942530490626966
0.18158291457286432,1.2801239219697942,1.2850638451498262,1.3399733770477116,1.3377344180695456,1.118694853515754
0.18655778894472363,1.333036389316453,1.363767337918097,1.4529590961971834,1.3987898458890526,1.1518341397225966
0.19153266331658292,1.3370784953106956,1.3676516944486883,1.424305196370423,1.414129099974534,1.2050748766847603
0.1965075376884422,1.3467700862615295,1.3580338397982237,1.4009268291035155,1.3380414330747483,1.2986154835074435
0.2014824120603015,1.3589694190845452,1.389833187850576,1.4854558884868911,1.3888473746276118,1.207080855730316
0.20645728643216082,1.3998452608609007,1.4220110066287919,1.4972179872651636,1.434441706343851,1.2630390826568545
0.2114321608040201,1.400556040555581,1.4335331981751138,1.521437589708439,1.4452943627881047,1.2509157168268066
0.2164070351758794,1.433092952314875,1.4486289825547818,1.5195396945138555,1.4566564082749303,1.3029998144948545
0.2213819095477387,1.446165105980071,1.4645635559477395,1.5737312970834927,1.4189312009031947,1.3072783095842266
0.22635678391959801,1.4946099038014675,1.5022941229322275,1.6117113639884244,1.4355360002197204,1.3689049548001277
0.2313316582914573,1.434015377222306,1.4400548529689328,1.4885583529135724,1.4721541611975817,1.3097412281961853
0.23630653266331658,1.501613931657365,1.5071215235767081,1.5725924565217293,1.5593012160745823,1.3210085458002732
0.24128140703517587,1.483365292522163,1.4950169811590963,1.5307209791765661,1.553821270746097,1.3585043431405017
0.24625628140703518,1.4616229285012083,1.460171893980986,1.4899178190475095,1.4802958399422441,1.3797482542823754
0.2512311557788945,1.5055463713756332,1.5274384453757206,1.5264513030083364,1.602482893054949,1.4427470487600418
0.25620603015075377,1.4488998191078168,1.4614919783315905,1.4990077816361336,1.5096691119328811,1.3337572024367503
0.26118090452261306,1.4956982138888808,1.5030039855312898,1.5043859583556922,1.5056306436863867,1.4973155860746357
0.2661557788944724,1.4995130655479096,1.5138936241520156,1.5216227118465617,1.5525568011015212,1.454418635951535
0.2711306532663317,1.4556099242486065,1.4923534430704344,1.516430543487443,1.4909786087739119,1.4476376741490984
0.27610552763819096,1.4832167214860614,1.4894532362024622,1.5060743708545592,1.4456779726578501,1.5079994351922115
0.28108040201005025,1.472720282321285,1.4670992091556785,1.485859376612603,1.4670636774054593,1.431062962219538
0.28605527638190953,1.502499047156701,1.5156153451114383,1.5052707089029302,1.549459365835575,1.4964580831384113
0.29103015075376887,1.5161553284322555,1.5295091422324174,1.5613342959067842,1.5520210714530207,1.4423316206810162
0.29600502512562815,1.5847832398803061,1.5943252631626166,1.6050216862523496,1.6180116687237958,1.5464247508040774
0.30097989949748744,1.6031888674766115,1.6105156886575354,1.625929333620319,1.6151519807965171,1.5755244958764343
0.3059547738693468,1.6613172489966719,1.65564382464951,1.6456816904219709,1.6534645494419327,1.6773163234035204
0.31092964824120606,1.6795195308933157,1.6794482677993865,1.6493970391098824,1.6828856810886235,1.733272846099313
0.31590452261306534,1.6780268420958995,1.686212024734007,1.6429624497237378,1.755049745140322,1.6899561454387766
0.3208793969849246,1.6684248304674718,1.6711270276857892,1.6274884338209348,1.706100689151499,1.714693175734691
0.3258542713567839,1.6950147771559603,1.703666629137846,1.622054440304155,1.7279259632368034,1.8326216067807601
0.3308291457286432,1.7093241337992917,1.7258078664372076,1.6747368759656351,1.7313359988198191,1.817642695364142
0.33580402010050253,1.8086595702378816,1.808662229433234,1.7818594287202996,1.8342139640434365,1.8307233062540278
0.3407788944723618,1.8008149137762688,1.8103314709556346,1.7837019658472897,1.8067346590973195,1.865692225231277
0.3457537688442211,1.8917164874598615,1.8985763037411099,1.8465247049422309,1.894669515884927,2.003183364342241
0.35072864321608044,1.9476367437771533,1.9532861889978348,1.9307327031415897,1.9449692049178995,2.0062547972751528
0.3557035175879397,2.0899871234885548,2.0978787696608747,2.0183116131346615,2.0468936815377656,2.3097214800456425
0.360678391959799,2.822859417988148,2.8428387291807713,2.7983386427492936,2.7640924876428135,3.0192768664004865
0.3656532663316583,2.46279977987747,2.4484180537810496,2.304512299048383,2.3815338975320177,2.8023339162465977
0.3706281407035176,1.7573990901210568,1.7486540816997596,1.605338053552015,1.7403944963056286,2.0337921189771113
0.3756030150753769,1.4783068325993596,1.484113001109693,1.3740689636728134,1.4039319119702176,1.7882527913415491
0.3805778894472362,1.345800522086138,1.3580525722075083,1.2835488141652482,1.2472438207690209,1.6291852816408796
0.3855527638190955,1.2532647941653587,1.2575098053437874,1.1492040246660424,1.2251857518373648,1.5030871376160932
0.3905276381909548,1.139165592940761,1.1423616808795456,1.0182043117564858,1.1600535211714935,1.3607121903947208
0.3955025125628141,1.1321760220721797,1.1507442470243312,1.0421197678480254,1.107532958722471,1.4094966550193742
0.4004773869346734,1.0911525655945205,1.1015014186940417,0.9617710306817925,1.1514940301280143,1.3125299209091676
0.40545226130653267,1.0123504336446552,1.017949271629753,0.9256052603570503,0.9908962268202229,1.2267489603959478
0.41042713567839195,0.9791416337567542,0.9797754134633723,0.8510309322131759,1.0017876904801308,1.2019621731559516
0.41540201005025124,0.961847463683334,0.9651934042753693,0.8621355295687735,0.9846054819899165,1.1409830736558833
0.4203768844221106,0.9154620849872867,0.9221879553494825,0.7999914229695847,0.9618828836514177,1.1113794465008997
0.42535175879396986,0.8890314250097621,0.8907260987744713,0.7844914159897287,0.9139589608481826,1.0682164171216169
0.43032663316582914,0.8755777105651844,0.8906090842188362,0.7735331505450973,0.9451856817489948,1.0527821133643054
0.4353015075376885,0.8463364495426338,0.8545482126225447,0.727189781072483,0.8665853871954816,1.0855792257115817
0.44027638190954776,0.861640681170226,0.8741212760633201,0.7781839990850261,0.8437573474348363,1.0936513417467508
0.44525125628140705,0.8327535067925212,0.8459075231604706,0.7327381630398331,0.9011897152747981,0.9997537632605495
0.45022613065326633,0.8059100311872173,0.8096071440108853,0.69982594056143,0.8473130820359192,0.9772179913847985
0.4552010050251256,0.7917148761833342,0.7919295841823617,0.6976932398008708,0.7845083834569414,0.9817162472914831
0.46017587939698495,0.7973792405875038,0.8159170626335369,0.7076853756262612,0.8656499639402749,0.9666708053705233
0.46515075376884424,0.7697586086888611,0.7804883478129214,0.6631309584391625,0.8644142030120189,0.9093381098404228
0.4701256281407035,0.7694636998343451,0.7749986448649278,0.6515789453921249,0.8355478431980651,0.9424797611590059
0.4751005025125628,0.7639948522404647,0.7778765829573099,0.6480544425615805,0.8549938778584181,0.9385530511401262
0.48007537688442214,0.72700266815707,0.7407961948145012,0.6592704420683527,0.7661594744210946,0.8683111659341021
0.48505025125628143,0.7263661826903546,0.7360242101883057,0.667210758488217,0.7614465532371804,0.8390242984013129
0.4900251256281407,0.7121366379493259,0.7238885592506152,0.6230543681724063,0.7804089443361882,0.8525846362253554
0.495,0.689270908330622,0.6961655336559721,0.6290926483524304,0.7191327810151903,0.7986511815175308
0.4999748743718593,0.6771776439175503,0.6824950714138569,0.6073867211037044,0.7168805808926076,0.7872586187655917
0.5049497487437187,0.6770892366521369,0.6855482143540389,0.6226151940891935,0.7172741503884308,0.7699664040544424
0.5099246231155778,0.6886720648677329,0.7028190177514013,0.6374755679334149,0.7884680836637479,0.7296536528871287
0.5148994974874372,0.6543813499115563,0.6721270957395257,0.5914307667344927,0.7210267162095966,0.7708897048221998
0.5198743718592964,0.6790305699772923,0.6883349722482454,0.6316391493002212,0.7063935026417263,0.7765286351558138
0.5248492462311558,0.6480335547511983,0.6600913639153709,0.5965757127951998,0.7125799074331519,0.7216731427797988
0.5298241206030151,0.628812770426602,0.6407287181677794,0.5663734682618422,0.683574833651227,0.7342817578136805
0.5347989949748744,0.6382116002913533,0.6429594763080304,0.5784375708405383,0.7061296378033589,0.6941514158662905
0.5397738693467338,0.6316611599202775,0.6405740173071797,0.5749513889296943,0.6855876222258727,0.71483260466539
0.5447487437185929,0.6167138839306125,0.6313194332504606,0.564677487384604,0.6673602262518757,0.7178914910677825
0.5497236180904523,0.6158770610177575,0.6279097701564149,0.5583583922526322,0.6608128102754349,0.7236973736802046
0.5546984924623115,0.6173368428596346,0.6128507346724822,0.5447948111678625,0.6472047305580356,0.7040882846211125
0.5596733668341709,0.5994487871357373,0.6070932472003476,0.5557044796644667,0.6355098568926321,0.6731294043551752
0.5646482412060301,0.5950174407395414,0.5943111052769391,0.5277437359324583,0.6265174776762162,0.6851640781710047
0.5696231155778895,0.6016976955339857,0.6045793458466999,0.519755380346697,0.694342171152445,0.6641298656862309
0.5745979899497488,0.5717264981368306,0.5734786049349423,0.4966784275143153,0.6180684990011901,0.6697213760520159
0.579572864321608,0.5939333128870106,0.6047844131152287,0.5305617656951948,0.6403346550842586,0.7065007635741055
0.5845477386934674,0.5715179257663163,0.5791755455850177,0.50360482367862,0.6194510220033652,0.6780321533838433
0.5895226130653266,0.558512936143302,0.5626031995511225,0.4862432038289137,0.6109615827946728,0.6536512106589657
0.594497487437186,0.5789381131907296,0.5857995169069028,0.5252730601544751,0.6310566725116404,0.6499767541945662
0.5994723618090452,0.5672257933933148,0.5752909788029068,0.5161590224214488,0.5776851959084975,0.6862437213377213
0.6044472361809046,0.5590425702981974,0.5619704192746657,0.47844477697828663,0.5852213922233099,0.6957686087500359
0.6094221105527637,0.5511948064757349,0.5705046856588042,0.4870737734210327,0.6158621477903665,0.6786132144257926
0.6143969849246231,0.5348621934200903,0.5433285217598351,0.4749497654504213,0.5738931901520371,0.6395592049792438
0.6193718592964825,0.5309872612958952,0.536774421982163,0.4627789472716608,0.5562026212908999,0.6566562587615097
0.6243467336683417,0.5315179177235022,0.5335024141071736,0.45118746755555933,0.5623688216514657,0.6584929949245562
0.6293216080402011,0.5296962703053266,0.5335391880381045,0.4557278413742099,0.5557843827455907,0.6575088608061866
0.6342964824120603,0.5147020405538025,0.5183559827188807,0.46442585928061875,0.5301087817079292,0.6085068366512517
0.6392713567839197,0.5417229884188023,0.5460954147639252,0.46788849164041024,0.6004815672266343,0.6337400910060199
0.6442462311557788,0.5425229918070743,0.5498120484918595,0.4802644384413784,0.6162018609086218,0.6069538227234436
0.6492211055276382,0.5218221547729528,0.5312925844433383,0.47019810423721686,0.5643416692711741,0.610648410038377
0.6541959798994974,0.5222034571696117,0.5334676988680102,0.4839870837280925,0.5145277063350665,0.6504765655212481
0.6591708542713568,0.5119604825533234,0.5333328315909998,0.4554550361833207,0.5423849698479166,0.6726530478477859
0.6641457286432162,0.5108011597190187,0.5235919996941688,0.4603998369862108,0.5392497205543985,0.6270487885245918
0.6691206030150754,0.5308674059695536,0.5395196450226192,0.48158500830643064,0.5535917769815311,0.6346953326011603
0.6740954773869348,0.5006428816733857,0.5174065133818965,0.44009635572587974,0.5677035148100879,0.6080448918417077
0.6790703517587939,0.5248994665416168,0.5296491039702954,0.4584643188652206,0.562459867186955,0.6286843485377551
0.6840452261306533,0.5186647943864099,0.5306764513976855,0.46299945672740067,0.5725628707533387,0.6124940341994025
0.6890201005025125,0.505007201784566,0.5201289252266627,0.4612687160734368,0.5180673087307138,0.6357004234012691
0.6939949748743719,0.5062426734823585,0.5207973838522808,0.47168332992698736,0.522162064565855,0.6136728559621827
0.6989698492462312,0.5201401901056338,0.5401813706854863,0.48108954057558584,0.5684980820639612,0.6211463769985935
0.7039447236180905,0.5364936587011641,0.5603618660210893,0.500364508703786,0.5705912131812755,0.6639383064464577
0.7089195979899499,0.5071998662618282,0.5156420679102656,0.4350176205404159,0.5475771394566852,0.633840922606416
0.713894472361809,0.5309835241416386,0.5541429647834103,0.5055340606216828,0.5462926203520915,0.6566797163613314
0.7188693467336684,0.517033223626057,0.5386677862159434,0.4846658847189989,0.5518083345115669,0.6273554256766555
0.7238442211055276,0.5008658669621376,0.5073733313029909,0.4528876110670484,0.47629459218773273,0.6480136461204858
0.728819095477387,0.4864978908571899,0.5113520061016802,0.47367090725902883,0.47188092052646374,0.6293592180012594
0.7337939698492462,0.4799667457888612,0.49495448409566006,0.4520696103457753,0.4831314038243852,0.5910674108507556
0.7387688442211056,0.482401081430129,0.5076494091158325,0.4687276322085565,0.48743316738440695,0.6058254128583923
0.7437437185929648,0.4741234024072365,0.49388131642531075,0.44024920314905225,0.4863808024036567,0.6056744350584858
0.7487185929648241,0.5025188523595113,0.5187591456340239,0.48799539137360215,0.4891293947121422,0.6121083856600827
0.7536934673366835,0.486047334890156,0.505217676641469,0.44707073299171646,0.48543113012492956,0.639869352717769
0.7586683417085427,0.473052020477505,0.48893857323629414,0.43902289734690086,0.47251951003821324,0.6038753305598363
0.7636432160804021,0.4814761271066866,0.4954336649488323,0.4336864886162069,0.47000543333059736,0.6435185020710752
0.7686180904522613,0.47148773933362764,0.4876342646103204,0.4588951888987164,0.4304457212306232,0.6088884987245939
0.7735929648241207,0.47634241024366625,0.48441512092926264,0.4768348287583609,0.41349223595374995,0.580826703921973
0.7785678391959798,0.4691795547094892,0.4835886704216905,0.46976232952164776,0.4128512314545303,0.591797909422342
0.7835427135678392,0.46961929994769674,0.4810037176418727,0.4631684889593746,0.44220104193162796,0.5600745524661901
0.7885175879396986,0.46633355525236786,0.47775046454562425,0.4656991683694754,0.43066468511131184,0.555255779616271
0.7934924623115578,0.47223631731349786,0.4852169429312004,0.45061352665094845,0.4520663833937661,0.5900126198594936
0.7984673366834172,0.4730788437138096,0.49198205169774917,0.4856510214488393,0.45649139715204884,0.5451078651137684
0.8034422110552764,0.4777794621028812,0.4871556582064541,0.47732205800791155,0.4538482071180289,0.5444981021518344
0.8084170854271358,0.4783523389000839,0.4919229695787267,0.48858683305717837,0.47590142299336385,0.5168250166417384
0.8133919597989949,0.47123922469345525,0.4790055719828697,0.47663770978543574,0.4374883622969456,0.531463625846309
0.8183668341708543,0.46809208300870175,0.48282196014319745,0.49119147204253166,0.4370264358854828,0.5195677344803022
0.8233417085427135,0.44655547742397056,0.46366042961646964,0.471556571905044,0.4317942634985998,0.48524419381290695
0.8283165829145729,0.46773236904244075,0.49043271197720495,0.48807628269094644,0.5007704965628389,0.48303609377504747
0.8332914572864323,0.47431882305358575,0.4926288437111747,0.49148502151106127,0.4844904799806717,0.5042189214773576
0.8382663316582915,0.4853003833516351,0.5032228287208312,0.5097296590722304,0.4965333507117379,0.4984283219017102
0.8432412060301508,0.4779455859431187,0.4950523524176651,0.5082325041587025,0.46269866121999453,0.507037088912982
0.84821608040201,0.48185007495622595,0.49808919715368505,0.5183884813078958,0.4641206204507057,0.4982466238221024
0.8531909547738694,0.46731253435122216,0.47928243851971153,0.498976963356159,0.43305628438021926,0.49474622245672656
0.8581658291457286,0.46231215948983034,0.48681300294589136,0.5220925161957389,0.42912996474660436,0.485525136926131
0.863140703517588,0.47237541014834983,0.49595308631313345,0.5454438232377629,0.43351345491697657,0.47282432076133435
0.8681155778894473,0.5047260757971366,0.5278026628141308,0.5501224127818722,0.49152254624399955,0.5267417396878561
0.8730904522613065,0.48691251890169035,0.4993795015291638,0.4936252378563701,0.4715524621200269,0.5425535156027711
0.8780653266331659,0.45600318073370916,0.4579300844527496,0.45519378542839317,0.41293502029544427,0.5151095796810945
0.8830402010050251,0.4935188240587238,0.4852069421575797,0.4877478729565998,0.44490907793234236,0.5268180724193534
0.8880150753768845,0.4708814893088387,0.46998250391667634,0.4831648605603146,0.4027258045279725,0.5222357019735685
0.8929899497487437,0.4737442814026104,0.47912664012043726,0.4881278140172843,0.4178881415008068,0.532476496418382
0.8979648241206031,0.49870008526039966,0.5041719098980277,0.4991952056569049,0.49155879221564736,0.5282960923029337
0.9029396984924623,0.5182249162021345,0.5253537843975198,0.5594398871108825,0.44828348866851303,0.5487308511745221
0.9079145728643216,0.5416237054011571,0.5433435007451697,0.5531421446737792,0.5400106252792152,0.5283455802662526
0.9128894472361809,0.5320238127933955,0.5396650587958005,0.5605801469479996,0.4905948210444795,0.5560632405238651
0.9178643216080402,0.52079068546947,0.519846507084039,0.5311892076723684,0.44704835664044346,0.5820314872337078
0.9228391959798996,0.5395334609324796,0.5251628200983488,0.5439007011779307,0.4158635209468818,0.615243009350846
0.9278140703517588,0.5383170009823425,0.5486613498311982,0.5518532797770132,0.5372479893758128,0.5556922850762294
0.9327889447236182,0.5981109454845455,0.59446742202786,0.6005425626303021,0.5712494202393239,0.6095744613945515
0.9377638190954773,0.5785516844000739,0.5728450408304098,0.5494610228991128,0.6080420053175679,0.5772024239823368
0.9427386934673367,0.6037072775366885,0.6038494498151624,0.6337990974285684,0.5798423172623203,0.573954511196507
0.9477135678391959,0.6179375759509328,0.5980545373297502,0.6138360784394725,0.5136970631905068,0.6650409668947963
0.9526884422110553,0.6270019127996196,0.6154650504113482,0.6605173137639123,0.5296749894556436,0.6278146142976151
0.9576633165829146,0.6590641313695684,0.6475900151423484,0.6503653579752519,0.5776624062737792,0.7229385199274213
0.9626381909547739,0.6657555376781388,0.6606134128263079,0.7191297530645195,0.581843716011723,0.6389701010004221
0.9676130653266333,0.6118909362218361,0.6025845102233796,0.6393150632691339,0.49098083570051904,0.6607223018925372
0.9725879396984924,0.6415554859865942,0.6156615998623973,0.6332812615612791,0.5705269121658035,0.6338561208606174
0.9775628140703518,0.774055747125492,0.7644904672060937,0.7944067049821668,0.7255157752040703,0.7519300391775184
0.982537688442211,0.8078197381133041,0.7547667395793032,0.780031691836264,0.6624909919607378,0.8126523094142615
0.9875125628140704,0.8795223741006081,0.8522178334421818,0.8849851711942998,0.7512340050382054,0.9057235243850049
