schema_version,created_utc,C,repeat,fold,split_seed,model_seed,train_samples,test_samples,train_participants,test_participants,participant_overlap,train_nonibd_samples,train_ibd_samples,test_nonibd_samples,test_ibd_samples,test_nonibd_participants,test_ibd_participants,selected_total,selected_B,selected_K0,abs_coef_mass_total,abs_coef_mass_B,abs_coef_mass_K0,n_iter,convergence_warning,convergence_warning_messages,elapsed_seconds,sample_accuracy,sample_balanced_accuracy,sample_macro_f1,sample_positive_f1,sample_brier,sample_roc_auc,sample_log_loss,sample_tn,sample_fp,sample_fn,sample_tp,participant_accuracy,participant_balanced_accuracy,participant_macro_f1,participant_positive_f1,participant_brier,participant_roc_auc,participant_log_loss,participant_tn,participant_fp,participant_fn,participant_tp
1,2026-07-24T08:49:19.675971+00:00,0.02,1,1,13,20261823,1078,239,84,22,0,300,778,59,180,5,17,173,85,88,3.963665704068262,1.5762702775537036,2.3873954265145585,3453,False,[],4497.52654838562,0.6778242677824268,0.586723163841808,0.5829348441926345,0.7818696883852692,0.21156552272515228,0.6178907721280602,0.6095536463676892,24,35,42,138,0.7272727272727273,0.611764705882353,0.611764705882353,0.8235294117647058,0.18786398705313934,0.6941176470588235,0.5573671631215545,2,3,3,14
1,2026-07-24T10:18:13.796030+00:00,0.02,1,2,13,20261920,1024,293,85,21,0,253,771,106,187,7,14,124,60,64,3.746079172298778,1.620097063074354,2.1259821092244238,4365,False,[],5334.048862218857,0.6996587030716723,0.6870648774089396,0.6820244672454616,0.7569060773480663,0.20970582754603667,0.7017455352638482,0.6100421645447704,68,38,50,137,0.7142857142857143,0.7142857142857143,0.6971153846153846,0.7692307692307693,0.1917391917738759,0.7448979591836735,0.5669800416821253,5,2,4,10
1,2026-07-24T11:26:26.026928+00:00,0.02,1,3,13,20262017,1038,279,85,21,0,302,736,57,222,4,17,164,92,72,3.8010574197978713,1.3012593151652254,2.499798104632646,3333,False,[],4092.1667964458466,0.7275985663082437,0.5941204362256993,0.5916024653312789,0.8272727272727273,0.17963085106522753,0.7021890311363995,0.5396734249606681,21,36,40,182,0.6666666666666666,0.5073529411764706,0.505050505050505,0.7878787878787878,0.17974717292702086,0.6911764705882353,0.541683280697798,1,3,4,13
1,2026-07-24T12:46:10.002522+00:00,0.02,1,4,13,20262114,1082,235,85,21,0,286,796,73,162,6,15,143,68,75,4.08870556873444,1.5787283016834408,2.509977267050999,3641,False,[],4783.45791387558,0.7617021276595745,0.6766446812108913,0.690032033163746,0.8390804597701149,0.18581950258895893,0.7659394554371723,0.5566102253663194,33,40,16,146,0.8095238095238095,0.7166666666666667,0.7375,0.875,0.18629428345255739,0.788888888888889,0.5625908067159847,3,3,1,14
1,2026-07-24T14:07:27.843530+00:00,0.02,1,5,13,20262211,1046,271,85,21,0,295,751,64,207,4,17,152,83,69,3.8307029836578295,1.6353722075000405,2.195330776157789,3886,False,[],4877.753895282745,0.6826568265682657,0.7113149154589372,0.6461926159825115,0.7597765363128491,0.20989863392123528,0.7671346618357489,0.6212381223618764,49,15,71,136,0.7619047619047619,0.8529411764705883,0.7214854111405835,0.8275862068965517,0.2120277518811321,0.7941176470588236,0.6140164147327363,4,0,5,12
1,2026-07-24T15:39:23.233245+00:00,0.02,2,1,1022,20262832,1038,279,84,22,0,274,764,85,194,6,16,114,42,72,4.007438548025675,1.4909283404704183,2.516510207555257,4415,False,[],5515.301312923431,0.6594982078853047,0.5899029714978775,0.5912560721721027,0.7582697201017812,0.2335366804023248,0.5673135233474833,0.6671382321374129,35,50,45,149,0.7727272727272727,0.6875,0.696969696969697,0.8484848484848485,0.2078766901826226,0.5625,0.6097203147407095,3,3,2,14
1,2026-07-24T17:45:42.264315+00:00,0.02,2,2,1022,20262929,1060,257,85,21,0,330,730,29,228,3,18,140,67,73,3.928162482814514,1.506328875082545,2.421833607731969,5842,False,[],7578.934319019318,0.708171206225681,0.5797035692679976,0.5308506754289887,0.8192771084337349,0.18670823285213778,0.7409255898366607,0.5552822777606444,12,17,58,170,0.6666666666666666,0.5277777777777778,0.505050505050505,0.7878787878787878,0.19702076223320322,0.7222222222222223,0.5774801690356556,1,2,5,13
1,2026-07-24T19:39:28.830563+00:00,0.02,2,3,1022,20263026,1061,256,85,21,0,269,792,90,166,7,14,152,86,66,4.075269991604728,1.7555824982118793,2.3196874933928484,5291,False,[],6826.100647449493,0.73046875,0.6675368139223561,0.6759553117719359,0.8088642659279779,0.18323204275413685,0.7812583668005354,0.5459709874633142,41,49,20,146,0.8095238095238095,0.75,0.7666666666666666,0.8666666666666667,0.17830356140768483,0.8265306122448981,0.5429735267041066,4,3,1,13
1,2026-07-24T21:15:07.036173+00:00,0.02,2,4,1022,20263123,1071,246,85,21,0,289,782,70,176,5,16,154,82,72,3.8454195355880074,1.3855297634727322,2.4598897721152753,4543,False,[],5737.7550530433655,0.6016260162601627,0.5624188311688312,0.5518292682926829,0.7012195121951219,0.26062934960345296,0.5364448051948053,0.7471180236330305,33,37,61,115,0.6190476190476191,0.6125,0.5714285714285714,0.7142857142857143,0.2281737415027733,0.65,0.6485123497359672,3,2,6,10
1,2026-07-24T22:04:35.494301+00:00,0.02,2,5,1022,20263220,1038,279,85,21,0,274,764,85,194,5,16,186,90,96,3.8986011371016502,1.1623299372149631,2.736271199886687,3151,False,[],2967.1124744415283,0.7060931899641577,0.6630685263796241,0.6597156116135174,0.7853403141361257,0.20172815434980002,0.7155852031534263,0.6097249188268484,47,38,44,150,0.8095238095238095,0.7375,0.7375,0.875,0.18571399481383977,0.7875000000000001,0.556058940633763,3,2,2,14
1,2026-07-24T23:18:59.683750+00:00,0.02,3,1,2031,20263841,1049,268,85,21,0,305,744,54,214,5,16,133,62,71,3.947944383995491,1.50152007577708,2.446424308218411,4940,False,[],4463.630244970322,0.7686567164179104,0.6613014884042921,0.6546104597987861,0.8530805687203792,0.15998538289313072,0.7848736587054345,0.49157599848069533,26,28,34,180,0.7619047619047619,0.70625,0.6920821114369502,0.8387096774193549,0.1673286980372305,0.7749999999999999,0.5133261965970204,3,2,3,13
1,2026-07-25T00:35:33.931983+00:00,0.02,3,2,2031,20263938,1075,242,84,22,0,266,809,93,149,7,15,153,86,67,4.010362100409111,1.6852059005759656,2.3251561998331454,4901,False,[],4594.162926197052,0.6033057851239669,0.611171249188136,0.5986733001658375,0.6417910447761194,0.2434861991860504,0.6307281518366168,0.6837698718389708,60,33,63,86,0.5909090909090909,0.6238095238095238,0.5831578947368421,0.64,0.25139702744453996,0.5714285714285714,0.6983905308824699,5,2,7,8
1,2026-07-25T01:52:03.429824+00:00,0.02,3,3,2031,20264035,1024,293,85,21,0,295,729,64,229,3,18,160,86,74,3.5983956821801257,1.4453944086562842,2.1530012735238415,4231,False,[],4589.4206783771515,0.7167235494880546,0.6048717248908297,0.6005748542333909,0.8159645232815964,0.18752094609769074,0.7261872270742358,0.5562428081090641,26,38,45,184,0.7619047619047619,0.5833333333333334,0.5714285714285714,0.8571428571428571,0.1653333259252659,0.8148148148148148,0.5101632094245263,1,2,3,15
1,2026-07-25T02:49:26.912586+00:00,0.02,3,4,2031,20264132,1098,219,85,21,0,284,814,75,144,6,15,173,88,85,3.9508887310657883,1.5103359447530238,2.4405527863127645,3002,False,[],3443.447580575943,0.593607305936073,0.5568055555555556,0.5556594095520346,0.6855123674911661,0.24821203395825234,0.5849074074074074,0.6926882678480164,33,42,47,97,0.6666666666666666,0.6166666666666667,0.6100795755968169,0.7586206896551724,0.23138821487838598,0.5888888888888888,0.65168841229999,3,3,4,11
1,2026-07-25T04:27:14.184525+00:00,0.02,3,5,2031,20264229,1022,295,85,21,0,286,736,73,222,5,16,119,52,67,3.8465676976702525,1.2755532776936889,2.5710144199765637,5724,False,[],5866.338290929794,0.752542372881356,0.7068678267308404,0.6905935259550868,0.8290398126463701,0.2033027467316714,0.637171417993336,0.6225996715133475,45,28,45,177,0.8095238095238095,0.80625,0.7666666666666666,0.8666666666666667,0.18037483266191387,0.725,0.5603214376184569,4,1,3,13
1,2026-07-25T05:39:57.357079+00:00,0.02,4,1,3040,20264850,1013,304,84,22,0,232,781,127,177,9,13,135,56,79,4.0109550894849235,1.5979981183772907,2.412956971107633,4384,False,[],4363.009457349777,0.6546052631578947,0.6010721117487433,0.5787528868360277,0.7575057736720554,0.19890860189022444,0.7954757773922327,0.5780990175161772,35,92,13,164,0.6363636363636364,0.5555555555555556,0.48235294117647054,0.7647058823529411,0.18653109990614752,0.9145299145299146,0.5525393740759464,1,8,0,13
1,2026-07-25T06:35:37.368186+00:00,0.02,4,2,3040,20264947,1056,261,85,21,0,258,798,101,160,6,15,144,54,90,3.8206335976719856,1.226329296361655,2.5943043013103306,3659,False,[],3339.950387954712,0.6551724137931034,0.6256497524752476,0.6276157260621433,0.7289156626506024,0.23516894040230346,0.6277227722772277,0.6774239163190605,50,51,39,121,0.7142857142857143,0.65,0.65,0.8,0.1992230616963517,0.7444444444444446,0.5925061480662175,3,3,3,12
1,2026-07-25T07:32:49.457229+00:00,0.02,4,3,3040,20265044,1026,291,85,21,0,277,749,82,209,6,15,150,89,61,3.6579583237762563,1.4892097077099606,2.1687486160662957,3332,False,[],3432.0330855846405,0.6116838487972509,0.6703816081223013,0.6017319687518925,0.6646884272997032,0.23329237159334562,0.7415100945267826,0.6764153768702563,66,16,97,112,0.6666666666666666,0.7166666666666667,0.6541176470588235,0.72,0.22442317175084772,0.7777777777777779,0.6424981526802339,5,1,6,9
1,2026-07-25T09:11:07.055668+00:00,0.02,4,4,3040,20265141,1116,201,85,21,0,333,783,26,175,3,18,140,66,74,4.298005827236921,1.6687539422418922,2.6292518849950284,5186,False,[],5897.1578142642975,0.7313432835820896,0.681978021978022,0.6006034736532234,0.8291139240506329,0.17658143762612108,0.7602197802197802,0.5268841816802965,16,10,44,131,0.6666666666666666,0.5277777777777778,0.505050505050505,0.7878787878787878,0.18094413820952646,0.7222222222222223,0.5335185113750669,1,2,5,13
1,2026-07-25T10:49:10.440836+00:00,0.02,4,5,3040,20265238,1057,260,85,21,0,336,721,23,237,2,19,171,93,78,3.7505211511925154,1.3699104599654675,2.380610691227048,5355,False,[],5883.318797826767,0.6884615384615385,0.37763713080168776,0.40774487471526194,0.8154897494305239,0.20154739178085498,0.4349660612731609,0.5931327484131678,0,23,58,179,0.7619047619047619,0.42105263157894735,0.43243243243243246,0.8648648648648649,0.20271176484188583,0.3421052631578947,0.5926283408476268,0,2,3,16
1,2026-07-25T12:02:05.292854+00:00,0.02,5,1,4049,20265859,1043,274,84,22,0,251,792,108,166,7,15,153,80,73,3.7436302250571316,1.6586057667154819,2.0850244583416497,4694,False,[],4374.775882482529,0.7007299270072993,0.6543395805443998,0.6568304007820136,0.7795698924731183,0.19791560652947085,0.7234493529674252,0.5823917984426215,47,61,21,145,0.7727272727272727,0.680952380952381,0.696969696969697,0.8484848484848485,0.1871200414443269,0.6857142857142857,0.5593721250444758,3,4,1,14
1,2026-07-25T14:17:50.269995+00:00,0.02,5,2,4049,20265956,1063,254,85,21,0,273,790,86,168,7,14,105,50,55,4.0671461259698845,1.3355687504154048,2.7315773755544797,7799,False,[],8144.900960445404,0.6732283464566929,0.6394656699889258,0.6382325182325181,0.7507507507507507,0.20975500136628042,0.721968438538206,0.6084857886305176,46,40,43,125,0.7619047619047619,0.75,0.7407407407407407,0.8148148148148148,0.20274356801078988,0.7346938775510203,0.5938073553496003,5,2,3,11
1,2026-07-25T15:19:09.086955+00:00,0.02,5,3,4049,20266053,1036,281,85,21,0,316,720,43,238,3,18,164,92,72,3.8165341441053897,1.2367567262845114,2.5797774178208783,3471,False,[],3678.653248310089,0.6014234875444839,0.48842094977525896,0.4672985781990522,0.7345971563981043,0.22547222678216192,0.5932186828219659,0.6416699979139702,14,29,83,155,0.5714285714285714,0.3333333333333333,0.36363636363636365,0.7272727272727273,0.22698837482060932,0.5740740740740741,0.6448395472026234,0,3,6,12
1,2026-07-25T16:24:11.962781+00:00,0.02,5,4,4049,20266150,1053,264,85,21,0,314,739,45,219,3,18,154,86,68,3.8431411844139802,1.5698814503266476,2.2732597340873326,4193,False,[],3902.371744155884,0.6325757575757576,0.6284627092846271,0.553673202614379,0.7413333333333333,0.22273501379862493,0.6989345509893456,0.6361746440426405,28,17,80,139,0.7142857142857143,0.6944444444444444,0.60625,0.8125,0.21782130105435032,0.7962962962962963,0.6245563058319261,2,1,5,13
1,2026-07-25T17:46:42.710195+00:00,0.02,5,5,4049,20266247,1073,244,85,21,0,282,791,77,167,6,15,139,75,64,3.956878326327569,1.8856450447565294,2.0712332815710397,4930,False,[],4950.665365695953,0.5573770491803278,0.44218057391710086,0.428125,0.7,0.3023592262891575,0.40703009565285014,0.8603118572701866,10,67,41,126,0.6190476190476191,0.48333333333333334,0.475,0.75,0.27460527596256135,0.4222222222222222,0.7753972413128916,1,5,3,12
1,2026-07-25T18:50:16.290267+00:00,0.02,6,1,5058,20266868,1064,253,84,22,0,242,822,117,136,10,12,183,110,73,4.157047559051534,2.0293072318891063,2.127740327162428,3606,False,[],3813.4831824302673,0.541501976284585,0.5299459527400704,0.5236332943773536,0.6158940397350994,0.28146164536064605,0.5779286073403721,0.7796319770109309,44,73,43,93,0.5,0.475,0.44367816091954027,0.6206896551724138,0.26858237758774944,0.6,0.7440586440995003,2,8,3,9
1,2026-07-25T19:42:50.480310+00:00,0.02,6,2,5058,20266965,1037,280,85,21,0,315,722,44,236,3,18,135,74,61,3.7221869337081444,1.2569209206558298,2.4652660130523145,3713,False,[],3154.1367623806,0.7214285714285714,0.5851309707241911,0.5647321428571428,0.8258928571428571,0.17880063230218673,0.6254815100154083,0.5330460681101289,17,27,51,185,0.8571428571428571,0.7777777777777777,0.7428571428571429,0.9142857142857143,0.15251924791746557,0.7037037037037037,0.4791043749211361,2,1,2,16
1,2026-07-25T21:17:28.630826+00:00,0.02,6,3,5058,20267062,1051,266,85,21,0,305,746,54,212,3,18,157,72,85,3.5843444815909606,1.4383465143619105,2.14599796722905,5209,False,[],5677.625055551529,0.7819548872180451,0.6837875611460518,0.6762360446570973,0.861244019138756,0.16154042167232738,0.8208857442348008,0.49970871576687276,28,26,32,180,0.8095238095238095,0.75,0.6911764705882353,0.8823529411764706,0.16093308542188445,0.8703703703703705,0.5016514570681795,2,1,3,15
1,2026-07-25T22:41:48.227345+00:00,0.02,6,4,5058,20267159,1091,226,85,21,0,292,799,67,159,5,16,147,89,58,4.048691386039309,1.488475437508896,2.560215948530413,4945,False,[],5059.5202651023865,0.6371681415929203,0.6039613254482306,0.5935964912280702,0.7266666666666667,0.2325318701468609,0.6005819956819676,0.6732349313130739,35,32,50,109,0.6666666666666666,0.64375,0.6100795755968169,0.7586206896551724,0.227771508320554,0.5625,0.6579696464451045,3,2,5,11
1,2026-07-25T23:36:35.130160+00:00,0.02,6,5,5058,20267256,1025,292,85,21,0,282,743,77,215,5,16,149,77,72,3.6213115074206144,1.2219626167789102,2.399348890641704,3150,False,[],3286.819927930832,0.6917808219178082,0.6573240712775597,0.6386138613861386,0.7772277227722773,0.19833532310339652,0.7357293868921777,0.5812553524102465,45,32,58,157,0.6666666666666666,0.64375,0.6100795755968169,0.7586206896551724,0.18649870089496998,0.7749999999999999,0.5561993976589216,3,2,5,11
1,2026-07-26T00:48:46.986179+00:00,0.02,7,1,6067,20267877,1012,305,84,22,0,288,724,71,234,4,18,151,88,63,3.7043440128618386,1.6451669172383845,2.059177095623454,4696,False,[],4331.789028644562,0.7508196721311475,0.6462922836162273,0.6477203647416413,0.8382978723404255,0.20232711511292012,0.5782773564463706,0.6056220402944876,32,39,37,197,0.8181818181818182,0.6944444444444444,0.6944444444444444,0.8888888888888888,0.18162171627363077,0.5277777777777778,0.5568481239933163,2,2,2,16
1,2026-07-26T02:14:03.889625+00:00,0.02,7,2,6067,20267974,1084,233,85,21,0,304,780,55,178,4,17,149,62,87,4.017728291000822,1.3586148363538086,2.659113454647013,4768,False,[],5116.846517562866,0.759656652360515,0.7359039836567927,0.7040464525494465,0.8323353293413174,0.17075985604489738,0.8138917262512768,0.5182955655010889,38,17,39,139,0.8095238095238095,0.8823529411764706,0.7666666666666666,0.8666666666666667,0.15779195383137015,0.8529411764705883,0.49353264412591796,4,0,4,13
1,2026-07-26T03:19:45.215220+00:00,0.02,7,3,6067,20268071,1043,274,85,21,0,259,784,100,174,7,14,137,70,67,3.8763059460852674,1.2554180163424462,2.620887929742821,4224,False,[],3940.8388974666595,0.7408759124087592,0.7151724137931035,0.7173821457107576,0.7988668555240793,0.18491542003455938,0.8052298850574712,0.5540976678710806,62,38,33,141,0.8095238095238095,0.7857142857142857,0.7857142857142857,0.8571428571428571,0.17329283689853067,0.9285714285714286,0.5339125415327496,5,2,2,12
1,2026-07-26T05:13:08.830828+00:00,0.02,7,4,6067,20268168,1086,231,85,21,0,324,762,35,196,4,17,137,68,69,4.068940402299631,1.489040557993576,2.5798998443060555,6758,False,[],6803.540135145187,0.7445887445887446,0.6499999999999999,0.6090922128208806,0.8392370572207084,0.17747584872614616,0.6816326530612244,0.5277236835218548,18,17,42,154,0.7619047619047619,0.6617647058823529,0.6464646464646464,0.8484848484848485,0.17655304415802858,0.7205882352941176,0.5295408395152108,2,2,3,14
1,2026-07-26T06:54:24.778447+00:00,0.02,7,5,6067,20268265,1043,274,85,21,0,261,782,98,176,7,14,144,97,47,3.847317784675397,2.022704532602802,1.824613252072595,6246,False,[],6075.80807518959,0.5875912408759124,0.536525974025974,0.5364623100531477,0.6904109589041096,0.2500543184530842,0.5707908163265306,0.6981565728413864,35,63,50,126,0.6666666666666666,0.6071428571428571,0.6100795755968169,0.7586206896551724,0.24611381850760577,0.5204081632653061,0.6922245042133733,3,4,3,11
1,2026-07-26T08:10:31.071416+00:00,0.02,8,1,7076,20268886,1058,259,84,22,0,281,777,78,181,5,17,162,76,86,3.861654201289639,1.3740781899541616,2.4875760113354772,4024,False,[],4566.211558103561,0.7297297297297297,0.7446168012466354,0.7103463701431493,0.7852760736196319,0.18638501337718688,0.8160504320725315,0.557058966782426,61,17,53,128,0.8181818181818182,0.8117647058823529,0.7708333333333333,0.875,0.1685337300167456,0.8705882352941177,0.5173515424187148,4,1,3,14
1,2026-07-26T09:17:36.613184+00:00,0.02,8,2,7076,20268983,1072,245,85,21,0,301,771,58,187,5,16,158,87,71,3.900701653503347,1.5618039551191032,2.338897698384244,4082,False,[],4025.487113237381,0.6938775510204082,0.543748847501383,0.5454545454545454,0.8051948051948052,0.21253407639061853,0.5560114327862806,0.6159980682574823,15,43,32,155,0.7142857142857143,0.5375,0.5367647058823529,0.8235294117647058,0.21257713696080613,0.5,0.617233815472097,1,4,2,14
1,2026-07-26T10:17:53.188460+00:00,0.02,8,3,7076,20269080,1065,252,85,21,0,272,793,87,165,6,15,151,83,68,3.963183560204925,1.4752641260274686,2.4879194341774564,3630,False,[],3616.0350856781006,0.6309523809523809,0.5796238244514107,0.5810136765888978,0.7256637168141593,0.2524816964785789,0.5464994775339603,0.7197528413412845,36,51,42,123,0.7619047619047619,0.7333333333333334,0.7214854111405835,0.8275862068965517,0.2278346284960954,0.5666666666666667,0.6560329442270547,4,2,3,12
1,2026-07-26T11:04:42.990309+00:00,0.02,8,4,7076,20269177,1020,297,85,21,0,307,713,52,245,4,17,166,104,62,3.4638657212199178,1.5705262668780051,1.8933394543419126,3482,False,[],2809.71337389946,0.8249158249158249,0.7651098901098901,0.7318005001389274,0.8898305084745762,0.15869784244292168,0.8321821036106751,0.49469708692595254,35,17,35,210,0.9047619047619048,0.8455882352941176,0.8455882352941176,0.9411764705882353,0.14921954460338133,0.9558823529411764,0.47940689748677606,3,1,1,16
1,2026-07-26T12:19:37.845259+00:00,0.02,8,5,7076,20269274,1053,264,85,21,0,275,778,84,180,6,15,148,63,85,4.103307258120708,1.4298056539846584,2.6735016041360495,4137,False,[],4494.773601293564,0.6893939393939394,0.6198412698412699,0.6241405653170359,0.7807486631016043,0.1852704966780636,0.7806878306878307,0.5482529941376713,36,48,34,146,0.7619047619047619,0.6833333333333333,0.6920821114369502,0.8387096774193549,0.18310132253512035,0.8,0.5455854756082293,3,3,2,13
1,2026-07-26T13:24:08.512145+00:00,0.02,9,1,8085,20269895,1053,264,84,22,0,336,717,23,241,2,20,169,85,84,3.792445555969607,1.5360332355485298,2.2564123204210773,3699,False,[],3870.591638326645,0.8068181818181818,0.8351975464549883,0.6614278170342244,0.8832951945080092,0.1512787440193681,0.868302363341151,0.47418239547132607,20,3,48,193,0.8181818181818182,0.9,0.6944444444444444,0.8888888888888888,0.1546079788801089,0.9,0.4874484987033446,2,0,4,16
1,2026-07-26T14:34:24.015165+00:00,0.02,9,2,8085,20269992,1026,291,85,21,0,262,764,97,194,6,15,126,59,67,3.899377032474149,1.4435046660364605,2.4558723664376885,4605,False,[],4215.440325498581,0.7285223367697594,0.7139175257731958,0.7051066613645984,0.7882037533512064,0.18986015314300347,0.7835051546391752,0.5621195632955718,65,32,47,147,0.8095238095238095,0.8166666666666667,0.7857142857142857,0.8571428571428571,0.18594947457338723,0.7666666666666667,0.5560240018199332,5,1,3,12
1,2026-07-26T15:48:45.894689+00:00,0.02,9,3,8085,20270089,1047,270,85,21,0,251,796,108,162,8,13,146,89,57,4.039983534938074,1.63951733201975,2.4004662029183237,4492,False,[],4461.410497188568,0.6370370370370371,0.5694444444444444,0.5439189189189189,0.75,0.24613635068703738,0.5797325102880658,0.7103364017789977,25,83,15,147,0.7619047619047619,0.6875,0.6920821114369502,0.8387096774193549,0.21330933191222196,0.625,0.6240017409398637,3,5,0,13
1,2026-07-26T17:13:42.416245+00:00,0.02,9,4,8085,20270186,1087,230,85,21,0,274,813,85,145,6,15,154,78,76,4.113900306441792,1.3791988614830188,2.734701444958773,4843,False,[],5096.413915872574,0.5826086956521739,0.5643002028397566,0.5619047619047619,0.6571428571428571,0.24951934339015136,0.6069776876267748,0.7063714515251945,42,43,53,92,0.5714285714285714,0.55,0.5333333333333333,0.6666666666666666,0.2368612546939715,0.6222222222222222,0.6745181065701423,3,3,6,9
1,2026-07-26T19:19:01.027782+00:00,0.02,9,5,8085,20270283,1055,262,85,21,0,313,742,46,216,4,17,136,70,66,3.9146856097504497,1.3829019537661225,2.531783655984327,7394,False,[],7518.561932325363,0.816793893129771,0.769122383252818,0.7274618585298197,0.883495145631068,0.1594196537809753,0.8012781803542672,0.5057314962834926,32,14,34,182,0.8571428571428571,0.8161764705882353,0.7878787878787878,0.9090909090909091,0.16243846720915056,0.8382352941176471,0.5065132448456175,3,1,2,15
1,2026-07-26T20:40:00.310519+00:00,0.02,10,1,9094,20270904,1072,245,85,21,0,247,825,112,133,8,13,161,107,54,4.069890680839308,1.6453072485746816,2.424583432264626,4667,False,[],4858.761901140213,0.5183673469387755,0.506343984962406,0.501551724137931,0.593103448275862,0.32013897195332314,0.4509935553168636,0.899914639373279,41,71,47,86,0.5238095238095238,0.4951923076923077,0.4951923076923077,0.6153846153846154,0.3010163077918133,0.4423076923076923,0.8255997385988467,3,5,5,8
1,2026-07-26T22:26:03.598257+00:00,0.02,10,2,9094,20271001,1034,283,84,22,0,305,729,54,229,4,18,140,78,62,3.977435969252838,1.8063552455569152,2.1710807236959226,6025,False,[],6363.217387914658,0.823321554770318,0.7705401908458678,0.7418260108013428,0.8868778280542986,0.15684396597880917,0.8364062752709042,0.4891474696930836,37,17,33,196,0.9090909090909091,0.8472222222222222,0.8472222222222222,0.9444444444444444,0.1515388865283844,0.8749999999999999,0.48362652503312464,3,1,1,17
1,2026-07-26T23:21:19.889710+00:00,0.02,10,3,9094,20271098,1054,263,85,21,0,311,743,48,215,3,18,135,89,46,3.706410464452347,2.0012617042229977,1.7051487602293491,3442,False,[],3316.2318007946014,0.5779467680608364,0.5314922480620154,0.4923397965394314,0.7008086253369272,0.23423363931354174,0.6148255813953489,0.6576405343247146,22,26,85,130,0.5714285714285714,0.4722222222222222,0.4457478005865103,0.7096774193548387,0.2304070033676094,0.5740740740740741,0.6439581283586259,1,2,7,11
1,2026-07-27T00:30:12.373618+00:00,0.02,10,4,9094,20271195,1077,240,85,21,0,293,784,66,174,5,16,180,89,91,3.911255309722037,1.6086411600699648,2.3026141496520722,4189,False,[],4131.979714393616,0.8666666666666667,0.851619644723093,0.838655462184874,0.9058823529411765,0.14902319097977829,0.9134447927551376,0.4741584657622446,54,12,20,154,0.9523809523809523,0.96875,0.9384164222873901,0.967741935483871,0.13945869877773232,0.9625,0.46014984089072314,5,0,1,15
1,2026-07-27T01:53:46.883624+00:00,0.02,10,5,9094,20271292,1031,286,85,21,0,280,751,79,207,6,15,127,50,77,3.917887338233413,1.1059327258262783,2.811954612407135,4896,False,[],5014.4192769527435,0.7202797202797203,0.5915122607472635,0.5974099099099099,0.8198198198198198,0.19244581721325674,0.649789029535865,0.5690285816110895,24,55,25,182,0.7619047619047619,0.5833333333333334,0.5714285714285714,0.8571428571428571,0.18483890773919143,0.7111111111111111,0.5540043389244216,1,5,0,15
1,2026-07-27T02:47:22.566357+00:00,0.02,11,1,10103,20271913,1073,244,84,22,0,295,778,64,180,5,17,171,98,73,3.9392820883149398,1.4027771627297625,2.5365049255851773,2971,False,[],3215.4466009140015,0.6721311475409836,0.5965277777777778,0.5922459893048129,0.7727272727272727,0.19431415191601487,0.7010416666666666,0.5676247195118863,28,36,44,136,0.7272727272727273,0.611764705882353,0.611764705882353,0.8235294117647058,0.19238120354216182,0.6588235294117647,0.5683594254194748,2,3,3,14
1,2026-07-27T03:49:14.783081+00:00,0.02,11,2,10103,20272010,1019,298,85,21,0,338,681,21,277,2,19,161,88,73,3.8179991168435663,1.5705916950828396,2.2474074217607267,4553,False,[],3712.062899827957,0.7986577181208053,0.7376654632972321,0.6000357909806728,0.8818897637795275,0.1576037387384169,0.8593776860924874,0.48929072751972014,14,7,53,224,0.8571428571428571,0.6973684210526316,0.6594594594594595,0.918918918918919,0.15147024146797183,0.894736842105263,0.481932580888786,1,1,2,17
1,2026-07-27T05:29:00.581537+00:00,0.02,11,3,10103,20272107,1055,262,85,21,0,295,760,64,198,5,16,142,82,60,3.96282824879745,1.6859551663510501,2.2768730824464,6004,False,[],5985.665752410889,0.6412213740458015,0.5247001262626263,0.5240414347557205,0.7602040816326531,0.20739850929476591,0.6437815656565655,0.5923051056871954,19,45,49,149,0.5714285714285714,0.44375,0.4457478005865103,0.7096774193548387,0.21262879914046984,0.625,0.6035984947398471,1,4,5,11
1,2026-07-27T06:53:14.784681+00:00,0.02,11,4,10103,20272204,1081,236,85,21,0,269,812,90,146,7,14,140,63,77,4.0835452737865126,1.3009147668835794,2.782630506902933,5158,False,[],5052.262753009796,0.6779661016949152,0.6438356164383562,0.6469013308134499,0.7516339869281046,0.21131300986105142,0.7070776255707761,0.6085626979047773,45,45,31,115,0.7619047619047619,0.7142857142857142,0.7214854111405835,0.8275862068965517,0.18636186136477587,0.7653061224489797,0.5572877135487685,4,3,2,12
1,2026-07-27T08:03:35.639179+00:00,0.02,11,5,10103,20272301,1040,277,85,21,0,239,801,120,157,7,14,118,52,66,3.6870134733326267,1.4387028669007123,2.2483106064319145,3843,False,[],4220.712461233139,0.5667870036101083,0.5500796178343949,0.5490068381634646,0.6385542168674698,0.2781044080503452,0.5368895966029723,0.7889878261019175,51,69,51,106,0.6666666666666666,0.6428571428571428,0.6370370370370371,0.7407407407407407,0.22926459315126277,0.6224489795918368,0.6634188702999163,4,3,4,10
1,2026-07-27T09:20:37.260756+00:00,0.02,12,1,11112,20272922,1050,267,85,21,0,243,807,116,151,8,13,150,74,76,4.058808827365283,1.5065714929951355,2.5522373343701474,4795,False,[],4621.43065237999,0.6441947565543071,0.6244861840602878,0.6239157832307807,0.7112462006079028,0.22054526674378247,0.7097225393925554,0.6308883254216741,55,61,34,117,0.6666666666666666,0.6105769230769231,0.6100795755968169,0.7586206896551724,0.20613277501597824,0.75,0.5985442794742264,3,5,2,11
1,2026-07-27T10:12:21.670382+00:00,0.02,12,2,11112,20273019,1060,257,84,22,0,307,753,52,205,4,18,169,95,74,3.8445956701179966,1.8038077391684055,2.040787930949591,3368,False,[],3104.2167098522186,0.7276264591439688,0.6426829268292683,0.6238290398126464,0.8214285714285714,0.17947518801548573,0.7564727954971857,0.5350938066164691,26,26,44,161,0.7272727272727273,0.6388888888888888,0.611764705882353,0.8235294117647058,0.18327294075016273,0.763888888888889,0.5466425714438773,2,2,4,14
1,2026-07-27T11:16:11.201570+00:00,0.02,12,3,11112,20273116,1045,272,85,21,0,275,770,84,188,6,15,150,80,70,3.915590477121441,1.3173585680196993,2.5982319091017416,4210,False,[],3829.3833181858063,0.6507352941176471,0.5662360688956434,0.5680591077010515,0.7570332480818415,0.2298657191411742,0.619807497467072,0.6570698378329577,29,55,40,148,0.6666666666666666,0.5666666666666667,0.5689149560117301,0.7741935483870968,0.2027094785198341,0.6666666666666667,0.5865053683651298,2,4,3,12
1,2026-07-27T12:36:36.100457+00:00,0.02,12,4,11112,20273213,1052,265,85,21,0,319,733,40,225,4,17,130,70,60,3.8133320748238475,1.7291080565191805,2.084224018304667,4885,False,[],4824.73850274086,0.690566037735849,0.7252777777777778,0.6090601611974669,0.7875647668393783,0.18475363950389959,0.8132222222222222,0.5461119767364155,31,9,73,152,0.6666666666666666,0.7941176470588236,0.6370370370370371,0.7407407407407407,0.1887352315415549,0.8529411764705882,0.5611931914841845,4,0,7,10
1,2026-07-27T13:20:11.313390+00:00,0.02,12,5,11112,20273310,1061,256,85,21,0,292,769,67,189,4,17,171,90,81,3.784983186109457,1.281964595487807,2.50301859062165,3009,False,[],2614.677813053131,0.69140625,0.6175866698254757,0.613389153332951,0.7870619946091644,0.1972035100688592,0.720682302771855,0.579926666167634,31,36,43,146,0.7619047619047619,0.6617647058823529,0.6464646464646464,0.8484848484848485,0.18090123214644485,0.8382352941176471,0.546574678951247,2,2,3,14
1,2026-07-27T14:14:36.093551+00:00,0.02,13,1,12121,20273931,1048,269,84,22,0,248,800,111,158,8,14,150,91,59,3.904158500256017,1.699844266870059,2.2043142333859578,3072,False,[],3264.6824543476105,0.7620817843866171,0.7599498232409625,0.7569734613212875,0.7922077922077922,0.1731869045656905,0.8526057703272893,0.5272233675178203,83,28,36,122,0.8636363636363636,0.8392857142857143,0.8482758620689655,0.896551724137931,0.16261403662640614,0.9464285714285714,0.5099635612956385,6,2,1,13
1,2026-07-27T15:27:29.311601+00:00,0.02,13,2,12121,20274028,1041,276,85,21,0,284,757,75,201,5,16,148,75,73,3.8027460565208457,1.6992719355039299,2.103474121016916,4524,False,[],4373.128116369247,0.6159420289855072,0.5440796019900498,0.540231330148353,0.7268041237113402,0.2161454112270776,0.632636815920398,0.6158262217460148,29,46,60,141,0.7142857142857143,0.60625,0.60625,0.8125,0.22184829673977247,0.5875,0.6321246969168683,2,3,3,13
1,2026-07-27T16:44:07.231614+00:00,0.02,13,3,12121,20274125,1093,224,85,21,0,311,782,48,176,3,18,169,100,69,3.9619750910060247,1.5429120524349855,2.419063038571039,4971,False,[],4597.816932678223,0.71875,0.6543560606060606,0.6314923619271445,0.8108108108108109,0.19936792716026736,0.6842447916666667,0.5873147914982335,26,22,41,135,0.7619047619047619,0.7222222222222222,0.6464646464646464,0.8484848484848485,0.1956475830946463,0.6296296296296295,0.5806417944366378,2,1,4,14
1,2026-07-27T17:54:15.885430+00:00,0.02,13,4,12121,20274222,1046,271,85,21,0,295,751,64,207,5,16,157,73,84,3.991698891564738,1.3324826179305092,2.659216273634229,4538,False,[],4208.360732793808,0.7896678966789668,0.6518342391304348,0.6681276184337738,0.8689655172413793,0.1536468762526638,0.7702294685990337,0.4793210653578785,25,39,18,189,0.8571428571428571,0.7,0.7428571428571429,0.9142857142857143,0.14489387081871666,0.8625,0.4633647633761835,2,3,0,16
1,2026-07-27T18:44:55.870289+00:00,0.02,13,5,12121,20274319,1040,277,85,21,0,298,742,61,216,5,16,122,60,62,3.750116198643809,1.3731216217565816,2.3769945768872276,3666,False,[],3039.5613975524902,0.6245487364620939,0.5063372799028536,0.502967563837129,0.748792270531401,0.2294590599276792,0.5374924104432302,0.6596946743092579,18,43,61,155,0.5714285714285714,0.5125,0.49867374005305043,0.6896551724137931,0.224217191164939,0.6,0.6389760114933468,2,3,6,10
1,2026-07-27T19:29:42.208104+00:00,0.02,14,1,13130,20274940,1042,275,84,22,0,252,790,107,168,7,15,150,61,89,3.7766230260021985,1.1959974145866,2.5806256114155985,2903,False,[],2686.2296001911163,0.5927272727272728,0.546200489541611,0.5426467094321692,0.6939890710382514,0.2591433266635359,0.5559635068980864,0.7378644549295396,36,71,41,127,0.5909090909090909,0.5476190476190476,0.5448275862068965,0.6896551724137931,0.2344261944381704,0.5904761904761905,0.6605481528078111,3,4,5,10
1,2026-07-27T20:40:00.854932+00:00,0.02,14,2,13130,20275037,1064,253,85,21,0,309,755,50,203,4,17,131,75,56,4.011126121418783,1.7594441556429956,2.251681965775788,4356,False,[],4218.535307645798,0.7984189723320159,0.7387192118226601,0.7130434782608696,0.8695652173913043,0.14648122190339402,0.837832512315271,0.46388883532661385,32,18,33,170,0.8095238095238095,0.7867647058823529,0.7375,0.875,0.14758294116908197,0.8823529411764706,0.46964671267006575,3,1,3,14
1,2026-07-27T22:06:12.863714+00:00,0.02,14,3,13130,20275134,1045,272,85,21,0,274,771,85,187,6,15,146,79,67,3.916929887054721,1.6982692533638328,2.218660633690888,5322,False,[],5171.917146205902,0.6397058823529411,0.5550802139037433,0.5561771561771562,0.7487179487179487,0.23367817010560993,0.5938030827304184,0.6609805214369572,28,57,41,146,0.6666666666666666,0.5666666666666667,0.5689149560117301,0.7741935483870968,0.22047269680777665,0.6222222222222222,0.6340833977416316,2,4,3,12
1,2026-07-27T23:27:44.787866+00:00,0.02,14,4,13130,20275231,1045,272,85,21,0,327,718,32,240,2,19,223,118,105,3.60011256220605,1.3172269078204408,2.282885654385609,4000,False,[],4891.807758331299,0.7830882352941176,0.8364583333333333,0.6787765968093837,0.8618266978922716,0.17174438257349528,0.9151041666666667,0.521362174714521,29,3,56,184,0.8095238095238095,0.8947368421052632,0.6911764705882353,0.8823529411764706,0.1620806945187915,0.9473684210526316,0.5073910059875698,2,0,4,15
1,2026-07-28T00:40:52.038165+00:00,0.02,14,5,13130,20275328,1072,245,85,21,0,274,798,85,160,7,14,149,77,72,3.8709322311915457,1.5371140949428082,2.3338181362487376,3431,False,[],4386.760233640671,0.6530612244897959,0.6295955882352942,0.62591388384918,0.7266881028938906,0.20300781065171764,0.7179411764705883,0.5887725695073739,47,38,47,113,0.7142857142857143,0.6785714285714286,0.6785714285714286,0.7857142857142857,0.18790496408729224,0.7755102040816326,0.5592961259389437,4,3,3,11
1,2026-07-28T02:19:29.095412+00:00,0.02,15,1,14139,20275949,1065,252,84,22,0,274,791,85,167,7,15,152,67,85,3.9218203537384397,1.4563506821577903,2.4654696715806494,4714,False,[],5916.959425449371,0.7738095238095238,0.7571327932370553,0.7518270875447053,0.8256880733944955,0.17730123042496176,0.8113420218386757,0.5463924381035788,60,25,32,135,0.8181818181818182,0.8285714285714285,0.8035714285714286,0.8571428571428571,0.18342153936368846,0.8,0.5516593179030194,6,1,3,12
1,2026-07-28T03:38:51.872371+00:00,0.02,15,2,14139,20276046,1056,261,85,21,0,308,748,51,210,4,17,165,88,77,3.867076820053626,1.9782976864953525,1.8887791335582733,3828,False,[],4762.6527597904205,0.5593869731800766,0.36246498599439775,0.37412682194465874,0.7146401985111662,0.2857115396582441,0.47348272642390293,0.8105044190578936,2,49,66,144,0.5714285714285714,0.35294117647058826,0.36363636363636365,0.7272727272727273,0.2714651074201792,0.5147058823529412,0.7640458958608816,0,4,5,12
1,2026-07-28T05:30:23.316819+00:00,0.02,15,3,14139,20276143,1047,270,85,21,0,283,764,76,194,6,15,110,56,54,3.8319520177901722,1.412353373831138,2.4195986439590342,5367,False,[],6691.350681066513,0.774074074074074,0.7307379272924579,0.7260980193244748,0.8407310704960835,0.1719549579795054,0.8294899620184484,0.5580604776667262,48,28,33,161,0.8571428571428571,0.8,0.81524926686217,0.9032258064516129,0.1602970343622957,0.9555555555555556,0.5048585689332002,4,2,1,14
1,2026-07-28T06:54:35.302615+00:00,0.02,15,4,14139,20276240,1018,299,85,21,0,279,739,80,219,5,16,145,66,79,3.79254037301871,1.2503048495855182,2.5422355234331917,4174,False,[],5051.483201265335,0.7424749163879598,0.6575913242009133,0.6618491591393112,0.8269662921348314,0.19764813032875247,0.6521689497716894,0.5867388269141264,38,42,35,184,0.8095238095238095,0.7375,0.7375,0.875,0.18863755728754003,0.7125,0.5629295830913323,3,2,2,14
1,2026-07-28T08:52:07.329016+00:00,0.02,15,5,14139,20276337,1082,235,85,21,0,292,790,67,168,4,17,153,84,69,4.150397981866263,1.6829309256281704,2.4674670562380925,5513,False,[],7051.8468997478485,0.7021276595744681,0.6256663113006397,0.6278280542986425,0.7941176470588235,0.19293723881906186,0.6713752665245203,0.567943073783441,30,37,33,135,0.8095238095238095,0.6911764705882353,0.6911764705882353,0.8823529411764706,0.16529296111950598,0.6911764705882353,0.5117205720087432,2,2,2,15
1,2026-07-28T10:47:47.475826+00:00,0.02,16,1,15148,20276958,1057,260,84,22,0,326,731,33,227,3,19,204,129,75,4.03423129262228,1.5626629072939977,2.4715683853282826,5533,False,[],6940.764907121658,0.6730769230769231,0.63149112268055,0.5474186479900063,0.7858942065491183,0.23638711379484387,0.5941796822854092,0.6895519620405454,19,14,71,156,0.7272727272727273,0.7017543859649122,0.611764705882353,0.8235294117647058,0.21307781630479578,0.6140350877192983,0.6314127340539614,2,1,5,14
1,2026-07-28T12:27:28.755898+00:00,0.02,16,2,15148,20277055,1063,254,85,21,0,305,758,54,200,5,16,132,66,66,4.075173144461587,1.5011886570136994,2.5739844874478877,4725,False,[],5979.284862995148,0.7401574803149606,0.679537037037037,0.6553453947368422,0.8263157894736842,0.17326582577243865,0.7714814814814815,0.5209096642375509,31,23,43,157,0.7619047619047619,0.70625,0.6920821114369502,0.8387096774193549,0.17873002056166035,0.775,0.539663362061233,3,2,3,13
1,2026-07-28T14:02:55.188356+00:00,0.02,16,3,15148,20277152,1053,264,85,21,0,242,811,117,147,8,13,130,66,64,4.057779593102168,1.7603069045580924,2.297472688544076,4592,False,[],5726.348262310028,0.6212121212121212,0.6101517530088958,0.6103896103896104,0.6753246753246753,0.22727180234647315,0.6692830978545263,0.6429366509078723,60,57,43,104,0.6190476190476191,0.6201923076923077,0.6111111111111112,0.6666666666666666,0.20251045074369653,0.7692307692307693,0.5895250692531503,5,3,5,8
1,2026-07-28T16:17:30.813581+00:00,0.02,16,4,15148,20277249,1040,277,85,21,0,267,773,92,185,5,16,91,38,53,3.657030341331847,1.3487097884062678,2.3083205529255792,6566,False,[],8075.50146484375,0.6642599277978339,0.5819917743830787,0.5834586466165413,0.7669172932330827,0.25758776248477994,0.48243243243243245,0.7573306661697601,31,61,32,153,0.8095238095238095,0.66875,0.6911764705882353,0.8823529411764706,0.19659059137298135,0.6375,0.6015671976512282,2,3,1,15
1,2026-07-28T17:28:49.722485+00:00,0.02,16,5,15148,20277346,1055,262,85,21,0,296,759,63,199,5,16,207,126,81,3.8540014385798713,1.7866174460796174,2.067383992500254,3385,False,[],4278.8171582221985,0.732824427480916,0.6180106883624471,0.6216996699669967,0.8267326732673267,0.20562928713769676,0.6152588338517988,0.6136694737282838,25,38,32,167,0.7142857142857143,0.60625,0.60625,0.8125,0.2324474872151725,0.5375,0.6684518123580846,2,3,3,13
1,2026-07-28T18:29:55.838181+00:00,0.02,17,1,16157,20277967,1016,301,84,22,0,220,796,139,162,8,14,129,53,76,3.5241370322182775,1.261240413878113,2.2628966183401644,3050,False,[],3665.8206865787506,0.5813953488372093,0.5707656097344347,0.5669361468895588,0.6460674157303371,0.2768483066581576,0.5404343192112977,0.7891828220496505,60,79,47,115,0.5454545454545454,0.5357142857142857,0.5299145299145299,0.6153846153846154,0.2510096412834928,0.5446428571428572,0.7135001957194881,4,4,6,8
1,2026-07-28T19:50:24.111386+00:00,0.02,17,2,16157,20278064,1060,257,85,21,0,319,741,40,217,3,18,179,94,85,3.681436202277837,1.6371824759989977,2.044253726278839,3860,False,[],4828.149586439133,0.8949416342412452,0.8154377880184331,0.8060268917898974,0.9373549883990719,0.12645016890775723,0.9058755760368663,0.4257248322230697,28,12,15,202,0.9047619047619048,0.8055555555555556,0.8055555555555556,0.9444444444444444,0.11975242016665828,0.9814814814814815,0.4172448822396712,2,1,1,17
1,2026-07-28T20:58:27.375127+00:00,0.02,17,3,16157,20278161,1056,261,85,21,0,273,783,86,175,6,15,144,68,76,3.9896582330402452,1.3221482038788963,2.667510029161349,3256,False,[],4083.156168937683,0.7126436781609196,0.6674418604651162,0.6698152989795058,0.7887323943661971,0.17924238715435567,0.7899003322259137,0.5398516810351143,46,40,35,140,0.7619047619047619,0.6833333333333333,0.6920821114369502,0.8387096774193549,0.16928995593959423,0.8333333333333333,0.516933654816845,3,3,2,13
1,2026-07-28T22:16:30.527088+00:00,0.02,17,4,16157,20278258,1081,236,85,21,0,323,758,36,200,4,17,149,84,65,3.8273486082907766,1.39457872021012,2.4327698880806565,3644,False,[],4683.077649354935,0.6694915254237288,0.5544444444444444,0.5255180946489328,0.7868852459016393,0.21281155522051698,0.5965277777777778,0.6165133240723544,14,22,56,144,0.7142857142857143,0.5367647058823529,0.5367647058823529,0.8235294117647058,0.20724121162382597,0.6029411764705882,0.6008710003191946,1,3,3,14
1,2026-07-29T00:22:19.820244+00:00,0.02,17,5,16157,20278355,1055,262,85,21,0,301,754,58,204,5,16,157,85,72,4.1117074431385845,1.8114955917699262,2.3002118513686582,6056,False,[],7548.902313947678,0.7137404580152672,0.6310851926977687,0.6183206106870229,0.8091603053435115,0.215903061052797,0.6135902636916836,0.630261549600314,28,30,45,159,0.7619047619047619,0.70625,0.6920821114369502,0.8387096774193549,0.21163978596978913,0.5499999999999999,0.6206381384159951,3,2,3,13
1,2026-07-29T02:34:55.673503+00:00,0.02,18,1,17166,20278976,1081,236,85,21,0,280,801,79,157,6,15,135,59,76,3.9964259967127873,1.1412375728832558,2.8551884238295315,6258,False,[],7955.774894952774,0.6779661016949152,0.64476336370233,0.6428514536041419,0.7548387096774194,0.23610294904217324,0.6045714746432315,0.6859459224130848,43,36,40,117,0.6666666666666666,0.6166666666666667,0.6100795755968169,0.7586206896551724,0.22179862114825438,0.5888888888888889,0.6453515431187312,3,3,4,11
1,2026-07-29T03:52:29.276235+00:00,0.02,18,2,17166,20279073,1045,272,85,21,0,308,737,51,221,4,17,143,70,73,3.7223214670084417,1.6046156755182892,2.1177057914901525,3764,False,[],4653.527965068817,0.8639705882352942,0.8031674208144797,0.7877464937256142,0.9149425287356322,0.13322018917196046,0.9164226776683525,0.4386100207738756,36,15,22,199,0.9047619047619048,0.8455882352941176,0.8455882352941176,0.9411764705882353,0.13340216894282506,0.9558823529411764,0.4438276536843739,3,1,1,16
1,2026-07-29T05:17:11.707651+00:00,0.02,18,3,17166,20279170,1036,281,84,22,0,273,763,86,195,6,16,159,94,65,4.087770316240494,1.9943703565513715,2.0933999596891226,4145,False,[],5081.971476793289,0.6832740213523132,0.6677996422182468,0.6521938669077254,0.7561643835616438,0.18958159568874405,0.7753130590339893,0.5547360109317133,54,32,57,138,0.6363636363636364,0.59375,0.5809523809523809,0.7333333333333333,0.20368434934463292,0.71875,0.5895210091628527,3,3,5,11
1,2026-07-29T06:13:23.632488+00:00,0.02,18,4,17166,20279267,1040,277,85,21,0,295,745,64,213,4,17,158,79,79,3.669180743570905,1.2354233546648175,2.4337573889060877,2764,False,[],3371.850157022476,0.7075812274368231,0.645906690140845,0.6281879194630873,0.8,0.21691935172023838,0.6124193075117371,0.6372753345452913,34,30,51,162,0.8095238095238095,0.7867647058823529,0.7375,0.875,0.1884760474024833,0.6911764705882353,0.5698264639283421,3,1,3,14
1,2026-07-29T07:15:32.425365+00:00,0.02,18,5,17166,20279364,1066,251,85,21,0,280,786,79,172,6,15,175,95,80,3.8492344304395374,1.253460284206085,2.5957741462334525,2990,False,[],3728.520165205002,0.6055776892430279,0.5308360317927583,0.5311597894379352,0.717948717948718,0.2259319484619996,0.6415219311156903,0.6388038269880336,26,53,46,126,0.6190476190476191,0.48333333333333334,0.475,0.75,0.21466395411051736,0.6222222222222222,0.6145406962239487,1,5,3,12
1,2026-07-29T08:40:49.660630+00:00,0.02,19,1,18175,20279985,1064,253,84,22,0,291,773,68,185,5,17,169,96,73,3.974413228308549,1.5054143505403772,2.468998877768172,4072,False,[],5117.126334667206,0.7430830039525692,0.6894674085850556,0.6831955922865014,0.8209366391184573,0.19152865060868463,0.7100158982511924,0.5679649155461856,39,29,36,149,0.7727272727272727,0.7117647058823529,0.696969696969697,0.8484848484848485,0.1824864275699171,0.7176470588235294,0.5477746449891834,3,2,3,14
1,2026-07-29T10:09:16.458009+00:00,0.02,19,2,18175,20280082,1016,301,85,21,0,276,740,83,218,5,16,115,56,59,3.685196845093742,1.2925975595135242,2.392599285580218,4447,False,[],5306.718365907669,0.6777408637873754,0.5798054603736045,0.5820940385028268,0.7820224719101123,0.21453709012156014,0.6025201724328507,0.6221079238757309,30,53,44,174,0.7142857142857143,0.60625,0.60625,0.8125,0.20786783080502763,0.6,0.6024456176636261,2,3,3,13
1,2026-07-29T11:57:54.858712+00:00,0.02,19,3,18175,20280179,1078,239,85,21,0,287,791,72,167,6,15,164,87,77,4.041469026989944,1.4876072045881301,2.5538618224018137,5118,False,[],6517.91535449028,0.698744769874477,0.6540668662674651,0.6502439024390244,0.7804878048780488,0.19854740794462472,0.7366932801064537,0.583351300804069,39,33,39,128,0.7619047619047619,0.7333333333333334,0.7214854111405835,0.8275862068965517,0.1864664716398689,0.7777777777777778,0.5559920521723805,4,2,3,12
1,2026-07-29T13:04:02.540754+00:00,0.02,19,4,18175,20280276,1049,268,85,21,0,292,757,67,201,4,17,135,56,79,3.786822702502832,1.3253983911126852,2.4614243113901466,3208,False,[],3967.591106414795,0.6604477611940298,0.5945273631840796,0.5838154234713904,0.762402088772846,0.19985857261822187,0.702197965396896,0.5819511662547198,31,36,55,146,0.8095238095238095,0.6911764705882353,0.6911764705882353,0.8823529411764706,0.1773444647321467,0.823529411764706,0.5403549720697068,2,2,2,15
1,2026-07-29T14:38:05.798781+00:00,0.02,19,5,18175,20280373,1061,256,85,21,0,290,771,69,187,6,15,136,68,68,4.081945393976639,1.8116260275128298,2.2703193664638093,4517,False,[],5643.141211509705,0.7578125,0.6696117182050686,0.6770833333333333,0.8385416666666666,0.18289756796612827,0.7029373014027746,0.5502372074840247,33,36,26,161,0.7619047619047619,0.6833333333333333,0.6920821114369502,0.8387096774193549,0.16713895162441098,0.7666666666666668,0.5187280545319098,3,3,2,13
1,2026-07-29T16:10:06.475496+00:00,0.02,20,1,19184,20280994,1060,257,84,22,0,316,744,43,214,3,19,162,92,70,3.9394622922573035,1.7961042387760244,2.143358053481279,4423,False,[],5520.332236766815,0.7276264591439688,0.7156596392088677,0.6396233974358975,0.8177083333333334,0.1970463950677983,0.7547272332101717,0.5791753473060652,30,13,57,157,0.7272727272727273,0.8421052631578947,0.65625,0.8125,0.18620922270355234,0.824561403508772,0.5583550053546027,3,0,6,13
1,2026-07-29T17:41:22.851870+00:00,0.02,20,2,19184,20281091,1063,254,85,21,0,312,751,47,207,3,18,164,90,74,3.9778545075613465,1.5476733488030732,2.4301811587582733,4338,False,[],5476.296859264374,0.7913385826771654,0.748638092301367,0.7057293374428925,0.8644501278772379,0.170590820330979,0.7521841915921471,0.5231938727781752,32,15,38,169,0.8095238095238095,0.75,0.6911764705882353,0.8823529411764706,0.1741229046538374,0.6666666666666667,0.5328963206594606,2,1,3,15
1,2026-07-29T19:15:35.043776+00:00,0.02,20,3,19184,20281188,1072,245,85,21,0,279,793,80,165,7,14,134,74,60,3.9176226544350357,1.3588898260495625,2.558732828385473,4477,False,[],5651.76927781105,0.6612244897959184,0.5746212121212121,0.5756911841418884,0.7661971830985915,0.22621927928795493,0.6057954545454545,0.6632927788303173,26,54,29,136,0.7142857142857143,0.6428571428571428,0.65,0.8,0.2223581956900258,0.6122448979591837,0.6506145145808486,3,4,2,12
1,2026-07-29T20:43:54.384692+00:00,0.02,20,4,19184,20281285,1000,317,85,21,0,240,760,119,198,7,14,125,46,79,3.4740310649503954,1.2581595003139228,2.2158715646364726,4519,False,[],5299.2555820941925,0.580441640378549,0.5367328749681691,0.5361060681080486,0.6795180722891566,0.25801757603591263,0.5514175367116544,0.7249938245793464,43,76,57,141,0.7142857142857143,0.6785714285714286,0.6785714285714286,0.7857142857142857,0.21888045540622128,0.6224489795918368,0.6288806230425711,4,3,3,11
1,2026-07-29T22:05:29.017753+00:00,0.02,20,5,19184,20281382,1073,244,85,21,0,289,784,70,174,6,15,135,66,69,4.096439255139558,1.3508867548080161,2.7455525003315415,3876,False,[],4894.521851539612,0.819672131147541,0.7753694581280788,0.7777225672877848,0.8742857142857143,0.15392683182699649,0.8660919540229887,0.4835612875835531,47,23,21,153,0.8095238095238095,0.7666666666666666,0.7666666666666666,0.8666666666666667,0.15153058689610144,0.9111111111111111,0.4835882817857999,4,2,2,13
