schema_version,created_utc,C,repeat,fold,split_seed,model_seed,train_samples,test_samples,train_participants,test_participants,participant_overlap,train_nonibd_samples,train_ibd_samples,test_nonibd_samples,test_ibd_samples,test_nonibd_participants,test_ibd_participants,selected_total,selected_B,selected_K0,abs_coef_mass_total,abs_coef_mass_B,abs_coef_mass_K0,n_iter,convergence_warning,convergence_warning_messages,elapsed_seconds,sample_accuracy,sample_balanced_accuracy,sample_macro_f1,sample_positive_f1,sample_brier,sample_roc_auc,sample_log_loss,sample_tn,sample_fp,sample_fn,sample_tp,participant_accuracy,participant_balanced_accuracy,participant_macro_f1,participant_positive_f1,participant_brier,participant_roc_auc,participant_log_loss,participant_tn,participant_fp,participant_fn,participant_tp,feature_block
1,2026-09-06T05:05:25.500420+00:00,0.02,1,1,13,20261823,1078,239,84,22,0,300,778,59,180,5,17,74,0,74,4.076494890265167,0.0,4.076494890265167,3772,False,[],1936.3710582256317,0.7112970711297071,0.5975517890772128,0.6001697175415202,0.810958904109589,0.19841666994893822,0.6382297551789078,0.5802926561558713,22,37,32,148,0.7727272727272727,0.6411764705882352,0.6507936507936507,0.8571428571428571,0.17627875553077296,0.7058823529411764,0.5311966116092196,2,3,2,15,K0
1,2026-09-06T05:34:12.106473+00:00,0.02,1,2,13,20261920,1024,293,85,21,0,253,771,106,187,7,14,78,0,78,3.870024194344296,0.0,3.870024194344296,3366,False,[],1726.581482887268,0.7303754266211604,0.707042679850671,0.7074628751974723,0.7893333333333333,0.19930833671563522,0.7262132983553627,0.5876429064709584,66,40,39,148,0.7142857142857143,0.7142857142857143,0.6971153846153846,0.7692307692307693,0.18315893444077555,0.7448979591836735,0.5462195335959025,5,2,4,10,K0
1,2026-09-06T05:49:08.211233+00:00,0.02,1,3,13,20262017,1038,279,85,21,0,302,736,57,222,4,17,78,0,78,3.8850936006056145,0.0,3.8850936006056145,1760,False,[],896.081196308136,0.7455197132616488,0.579302987197724,0.5835383159886471,0.8432671081677704,0.1904275209796859,0.6116247826774142,0.5856261891916383,17,40,31,191,0.7142857142857143,0.5367647058823529,0.5367647058823529,0.8235294117647058,0.18455842021203428,0.6323529411764706,0.5633303096214942,1,3,3,14,K0
1,2026-09-06T06:05:09.523532+00:00,0.02,1,4,13,20262114,1082,235,85,21,0,286,796,73,162,6,15,88,0,88,4.212481075315736,0.0,4.212481075315736,2060,False,[],961.2784864902496,0.7106382978723405,0.6245560629122273,0.6313215208564046,0.8023255813953488,0.18319057173926767,0.772027735498055,0.5447967576111536,29,44,24,138,0.8095238095238095,0.7166666666666667,0.7375,0.875,0.18289494007436272,0.8222222222222223,0.5488497466027689,3,3,1,14,K0
1,2026-09-06T06:25:05.406387+00:00,0.02,1,5,13,20262211,1046,271,85,21,0,295,751,64,207,4,17,67,0,67,3.8994670125539415,0.0,3.8994670125539415,2300,False,[],1195.8495347499847,0.6937269372693727,0.7293553743961353,0.6594291770762359,0.7675070028011205,0.20209953921571341,0.7966485507246377,0.5965449846346786,51,13,70,137,0.7142857142857143,0.8235294117647058,0.6785714285714286,0.7857142857142857,0.1997248933212176,0.8676470588235294,0.5878644978093353,4,0,6,11,K0
1,2026-09-06T06:54:08.612141+00:00,0.02,2,1,1022,20262832,1038,279,84,22,0,274,764,85,194,6,16,73,0,73,4.084711049988982,0.0,4.084711049988982,3190,False,[],1743.1711194515228,0.6415770609318996,0.5770163735597331,0.5770163735597331,0.7422680412371134,0.2282651439360531,0.5983626440266829,0.6563737536725016,35,50,50,144,0.7727272727272727,0.6875,0.696969696969697,0.8484848484848485,0.200108013179291,0.6354166666666666,0.5920721581913464,3,3,2,14,K0
1,2026-09-06T07:20:48.075555+00:00,0.02,2,2,1022,20262929,1060,257,85,21,0,330,730,29,228,3,18,73,0,73,4.008408064217292,0.0,4.008408064217292,3109,False,[],1599.42839717865,0.7276264591439688,0.5906684815486993,0.5443262411347518,0.8333333333333334,0.17869800064250185,0.7171808832425892,0.5342327092087242,12,17,53,175,0.6666666666666666,0.5277777777777778,0.505050505050505,0.7878787878787878,0.18661676675314812,0.6851851851851852,0.5545079689939418,1,2,5,13,K0
1,2026-09-06T07:49:58.298659+00:00,0.02,2,3,1022,20263026,1061,256,85,21,0,269,792,90,166,7,14,75,0,75,4.127105568622937,0.0,4.127105568622937,3649,False,[],1750.1994352340698,0.78125,0.7346720214190093,0.7454545454545455,0.8409090909090909,0.17072610708601652,0.8106425702811244,0.5191352768715342,52,38,18,148,0.8571428571428571,0.8214285714285714,0.8328912466843501,0.896551724137931,0.1710765978400552,0.806122448979592,0.5280357237267703,5,2,1,13,K0
1,2026-09-06T08:12:03.722505+00:00,0.02,2,4,1022,20263123,1071,246,85,21,0,289,782,70,176,5,16,75,0,75,3.882436182248057,0.0,3.882436182248057,2358,False,[],1325.3900485038757,0.6097560975609756,0.5508928571428572,0.5462998539921617,0.7159763313609467,0.2528416899146659,0.53125,0.720600415396423,29,41,55,121,0.6666666666666666,0.64375,0.6100795755968169,0.7586206896551724,0.21592835256619308,0.6375,0.6225095587720707,3,2,5,11,K0
1,2026-09-06T08:32:23.774865+00:00,0.02,2,5,1022,20263220,1038,279,85,21,0,274,764,85,194,5,16,95,0,95,4.074112623260589,0.0,4.074112623260589,2365,False,[],1220.017864227295,0.6917562724014337,0.6296240145542753,0.6312699778706663,0.7806122448979592,0.19934581485334893,0.7057610673135234,0.597498559827554,40,45,41,153,0.8095238095238095,0.7375,0.7375,0.875,0.1823988847226758,0.7749999999999999,0.5471531048581337,3,2,2,14,K0
1,2026-09-06T08:56:26.385081+00:00,0.02,3,1,2031,20263841,1049,268,85,21,0,305,744,54,214,5,16,72,0,72,3.9359051094506867,0.0,3.9359051094506867,2775,False,[],1442.5755846500397,0.7761194029850746,0.6659743856005538,0.6613881401617251,0.8584905660377359,0.15421148540048693,0.7904119072343372,0.47770951183615945,26,28,32,182,0.7619047619047619,0.6375,0.6464646464646464,0.8484848484848485,0.15931463475039245,0.8125,0.49547013349924013,2,3,2,14,K0
1,2026-09-06T09:14:19.892867+00:00,0.02,3,2,2031,20263938,1075,242,84,22,0,266,809,93,149,7,15,71,0,71,4.053183934884146,0.0,4.053183934884146,2301,False,[],1073.473326921463,0.6239669421487604,0.6218878545139641,0.6149663432118193,0.6738351254480287,0.2409793539764534,0.6415530057010898,0.6800917297796513,57,36,55,94,0.6363636363636364,0.6571428571428571,0.6239316239316239,0.6923076923076923,0.24900448628535232,0.5809523809523809,0.694058982099365,5,2,6,9,K0
1,2026-09-06T09:42:20.360587+00:00,0.02,3,3,2031,20264035,1024,293,85,21,0,295,729,64,229,3,18,78,0,78,3.7351743195677045,0.0,3.7351743195677045,3569,False,[],1680.4337391853333,0.7098976109215017,0.6005049126637554,0.595126233479102,0.8106904231625836,0.1915199918535054,0.7052401746724891,0.5651769355183937,26,38,47,182,0.8095238095238095,0.611111111111111,0.611111111111111,0.8888888888888888,0.1676987247416569,0.7407407407407407,0.5146338019745864,1,2,2,16,K0
1,2026-09-06T10:11:08.309431+00:00,0.02,3,4,2031,20264132,1098,219,85,21,0,284,814,75,144,6,15,85,0,85,4.257569949608296,0.0,4.257569949608296,3260,False,[],1727.9249243736267,0.5570776255707762,0.5034722222222222,0.5034013605442177,0.6666666666666666,0.24085081685430204,0.5898148148148148,0.6753734743475176,25,50,47,97,0.6190476190476191,0.5333333333333333,0.5333333333333333,0.7333333333333333,0.2196091109014128,0.6222222222222222,0.6231057966826152,2,4,4,11,K0
1,2026-09-06T10:28:39.934946+00:00,0.02,3,5,2031,20264229,1022,295,85,21,0,286,736,73,222,5,16,71,0,71,3.8459990355186164,0.0,3.8459990355186164,2407,False,[],1051.5916454792023,0.7389830508474576,0.6932617549055905,0.676078431372549,0.8188235294117647,0.20590032814373033,0.6448846106380353,0.6206242430808556,44,29,48,174,0.8095238095238095,0.80625,0.7666666666666666,0.8666666666666667,0.179474921231825,0.7625,0.553455922168937,4,1,3,13,K0
1,2026-09-06T10:54:57.059235+00:00,0.02,4,1,3040,20264850,1013,304,84,22,0,232,781,127,177,9,13,71,0,71,4.116252273111968,0.0,4.116252273111968,3087,False,[],1577.08953332901,0.6480263157894737,0.5976466924685262,0.579127149455924,0.7494145199063232,0.20586048148145972,0.7650028915877041,0.591881036458436,37,90,17,160,0.5909090909090909,0.5,0.37142857142857144,0.7428571428571429,0.18959169538698362,0.8717948717948718,0.5562490284047786,0,9,0,13,K0
1,2026-09-06T11:14:06.763821+00:00,0.02,4,2,3040,20264947,1056,261,85,21,0,258,798,101,160,6,15,90,0,90,3.9823214410798755,0.0,3.9823214410798755,2250,False,[],1149.6692025661469,0.6360153256704981,0.6008972772277228,0.6022936883471008,0.7181008902077152,0.24000200907351962,0.614480198019802,0.6946296943409324,45,56,39,121,0.7142857142857143,0.65,0.65,0.8,0.20221166496128445,0.7111111111111111,0.5991628989587928,3,3,3,12,K0
1,2026-09-06T11:42:02.979035+00:00,0.02,4,3,3040,20265044,1026,291,85,21,0,277,749,82,209,6,15,54,0,54,3.82166546798544,0.0,3.82166546798544,3513,False,[],1676.1909742355347,0.6563573883161512,0.7014820865912008,0.6416256157635468,0.7142857142857143,0.22849185941965752,0.7423853425137124,0.6588370799648401,66,16,84,125,0.7142857142857143,0.75,0.6971153846153846,0.7692307692307693,0.21952665872144494,0.7888888888888889,0.6333060131513712,5,1,5,10,K0
1,2026-09-06T12:20:05.325975+00:00,0.02,4,4,3040,20265141,1116,201,85,21,0,333,783,26,175,3,18,80,0,80,4.346151928319614,0.0,4.346151928319614,4048,False,[],2282.322520017624,0.7562189054726368,0.6635164835164835,0.6064335664335665,0.8492307692307692,0.1620071222114341,0.7806593406593406,0.49255802384562314,14,12,37,138,0.7619047619047619,0.7222222222222222,0.6464646464646464,0.8484848484848485,0.16437648086889914,0.7407407407407407,0.5001877475916054,2,1,4,14,K0
1,2026-09-06T12:41:10.269503+00:00,0.02,4,5,3040,20265238,1057,260,85,21,0,336,721,23,237,2,19,64,0,64,3.9245831314474344,0.0,3.9245831314474344,2804,False,[],1264.9201619625092,0.7038461538461539,0.3860759493670886,0.41309255079006774,0.8261851015801355,0.20280698899301244,0.3968079251513484,0.6002196754754143,0,23,54,183,0.7619047619047619,0.42105263157894735,0.43243243243243246,0.8648648648648649,0.19897870174353172,0.3157894736842105,0.5861406829898197,0,2,3,16,K0
1,2026-09-06T13:09:08.149660+00:00,0.02,5,1,4049,20265859,1043,274,84,22,0,251,792,108,166,7,15,65,0,65,3.8408338469453156,0.0,3.8408338469453156,3461,False,[],1677.8570067882538,0.7226277372262774,0.6691767068273092,0.6716078975588217,0.8010471204188482,0.20141534650438253,0.7185966086568496,0.5907533432417442,45,63,13,153,0.6363636363636364,0.5047619047619047,0.48235294117647054,0.7647058823529411,0.18617702954862034,0.7047619047619048,0.5542438041803849,1,6,2,13,K0
1,2026-09-06T13:33:24.083010+00:00,0.02,5,2,4049,20265956,1063,254,85,21,0,273,790,86,168,7,14,67,0,67,4.101814993773587,0.0,4.101814993773587,2574,False,[],1455.8981833457947,0.7125984251968503,0.7004429678848283,0.6911056691155646,0.7725856697819314,0.2058063361013788,0.7299280177187154,0.5990332569797876,57,29,44,124,0.7619047619047619,0.7857142857142857,0.7529411764705882,0.8,0.19812652499834518,0.7244897959183674,0.5834565291700312,6,1,4,10,K0
1,2026-09-06T13:48:13.790065+00:00,0.02,5,3,4049,20266053,1036,281,85,21,0,316,720,43,238,3,18,88,0,88,3.943530216234649,0.0,3.943530216234649,1887,False,[],889.6728188991547,0.6690391459074733,0.5092827828805941,0.4980697205416307,0.7910112359550562,0.2049804606446131,0.6211647449677546,0.5951102924549596,12,31,62,176,0.6190476190476191,0.3611111111111111,0.38235294117647056,0.7647058823529411,0.2048897245226105,0.6296296296296297,0.5954084181840132,0,3,5,13,K0
1,2026-09-06T14:14:33.213882+00:00,0.02,5,4,4049,20266150,1053,264,85,21,0,314,739,45,219,3,18,73,0,73,3.9079319366137497,0.0,3.9079319366137497,3123,False,[],1579.3880145549774,0.6477272727272727,0.6111111111111112,0.554045954045954,0.7584415584415585,0.22175734923521398,0.6961948249619482,0.6384348761505845,25,20,73,146,0.7142857142857143,0.6944444444444444,0.60625,0.8125,0.2162040064852556,0.7222222222222223,0.6229053244383275,2,1,5,13,K0
1,2026-09-06T14:33:21.047469+00:00,0.02,5,5,4049,20266247,1073,244,85,21,0,282,791,77,167,6,15,83,0,83,3.9364467008854263,0.0,3.9364467008854263,2231,False,[],1127.8105490207672,0.5655737704918032,0.462166575939031,0.4547600978160047,0.7005649717514124,0.2895588094411682,0.4404697099307878,0.8257727777129245,14,63,43,124,0.6190476190476191,0.48333333333333334,0.475,0.75,0.2621004588970752,0.44444444444444453,0.7411174240768356,1,5,3,12,K0
1,2026-09-06T14:51:17.567158+00:00,0.02,6,1,5058,20266868,1064,253,84,22,0,242,822,117,136,10,12,92,0,92,4.313581262045773,0.0,4.313581262045773,1967,False,[],1076.4844393730164,0.6007905138339921,0.5862870789341378,0.5770001158767734,0.6773162939297125,0.2447752486037704,0.6406485671191553,0.6817784584194698,46,71,30,106,0.6363636363636364,0.6166666666666667,0.6071428571428572,0.7142857142857143,0.2347218410271175,0.6333333333333333,0.6567715801867234,4,6,2,10,K0
1,2026-09-06T15:21:29.966081+00:00,0.02,6,2,5058,20266965,1037,280,85,21,0,315,722,44,236,3,18,60,0,60,3.8148215745168272,0.0,3.8148215745168272,3606,False,[],1812.3751695156097,0.7428571428571429,0.5701078582434514,0.5617391304347826,0.8434782608695652,0.17853704014394992,0.6104583975346687,0.5332091105986383,14,30,42,194,0.8095238095238095,0.611111111111111,0.611111111111111,0.8888888888888888,0.15076190969373662,0.7037037037037037,0.474692346274123,1,2,2,16,K0
1,2026-09-06T15:49:35.694508+00:00,0.02,6,3,5058,20267062,1051,266,85,21,0,305,746,54,212,3,18,70,0,70,3.7922342284582555,0.0,3.7922342284582555,3377,False,[],1685.6940577030182,0.8007518796992481,0.716282320055905,0.7060160567198415,0.8729016786570744,0.15583773972925757,0.8323287910552062,0.4875382864819879,31,23,30,182,0.8571428571428571,0.9166666666666667,0.7878787878787878,0.9090909090909091,0.15301453976826887,0.8518518518518519,0.4852107687296871,3,0,3,15,K0
1,2026-09-06T16:13:07.419401+00:00,0.02,6,4,5058,20267159,1091,226,85,21,0,292,799,67,159,5,16,56,0,56,4.11209312803112,0.0,4.11209312803112,2567,False,[],1411.6905586719513,0.6548672566371682,0.607903876842204,0.60254329004329,0.7467532467532467,0.2291759948734622,0.5984229794424106,0.6713465821469162,33,34,44,115,0.6666666666666666,0.575,0.5689149560117301,0.7741935483870968,0.22151568689602663,0.5625,0.6511653377943649,2,3,4,12,K0
1,2026-09-06T16:31:15.486490+00:00,0.02,6,5,5058,20267256,1025,292,85,21,0,282,743,77,215,5,16,79,0,79,3.6892077375086956,0.0,3.6892077375086956,2121,False,[],1088.0332441329956,0.7602739726027398,0.6913319238900635,0.6913319238900635,0.8372093023255814,0.18181785633250214,0.7646632437330112,0.5450128360521453,42,35,35,180,0.6666666666666666,0.575,0.5689149560117301,0.7741935483870968,0.17580630151300417,0.8,0.5326358570753575,2,3,4,12,K0
1,2026-09-06T16:57:19.190207+00:00,0.02,7,1,6067,20267877,1012,305,84,22,0,288,724,71,234,4,18,68,0,68,3.7532209664350376,0.0,3.7532209664350376,2972,False,[],1563.678793668747,0.7704918032786885,0.6542072950523654,0.6616267275263091,0.8535564853556485,0.1828146985439,0.6228782954135067,0.5596280914563758,31,40,30,204,0.8636363636363636,0.7222222222222222,0.7451737451737452,0.918918918918919,0.16476671405777943,0.5416666666666666,0.5183784584644168,2,2,1,17,K0
1,2026-09-06T17:15:50.437821+00:00,0.02,7,2,6067,20267974,1084,233,85,21,0,304,780,55,178,4,17,92,0,92,4.123424561927095,0.0,4.123424561927095,2470,False,[],1111.2234501838684,0.7639484978540773,0.7261491317671093,0.7023436229763316,0.8377581120943953,0.1688108253750389,0.8090909090909091,0.513255664899012,36,19,36,142,0.8571428571428571,0.8161764705882353,0.7878787878787878,0.9090909090909091,0.1560691277397876,0.8970588235294117,0.4896030273381715,3,1,2,15,K0
1,2026-09-06T17:42:48.071885+00:00,0.02,7,3,6067,20268071,1043,274,85,21,0,259,784,100,174,7,14,76,0,76,3.916775756399147,0.0,3.916775756399147,3080,False,[],1617.5998449325562,0.7445255474452555,0.7095402298850575,0.7151428741163192,0.8066298342541437,0.19152778708866183,0.7692528735632184,0.5685593889616737,58,42,28,146,0.8571428571428571,0.8214285714285714,0.8328912466843501,0.896551724137931,0.178254465110132,0.8673469387755102,0.5443725580942512,5,2,1,13,K0
1,2026-09-06T18:12:33.663326+00:00,0.02,7,4,6067,20268168,1086,231,85,21,0,324,762,35,196,4,17,77,0,77,4.16401299017889,0.0,4.16401299017889,3216,False,[],1785.5566809177399,0.7662337662337663,0.6627551020408162,0.6274193548387097,0.8548387096774194,0.1723063659808012,0.7005830903790087,0.5154152503427533,18,17,37,159,0.7619047619047619,0.6617647058823529,0.6464646464646464,0.8484848484848485,0.17126867062651144,0.7352941176470589,0.5174557036993347,2,2,3,14,K0
1,2026-09-06T18:33:36.303490+00:00,0.02,7,5,6067,20268265,1043,274,85,21,0,261,782,98,176,7,14,74,0,74,4.0546290293568745,0.0,4.0546290293568745,2399,False,[],1262.6171498298645,0.6496350364963503,0.5825602968460112,0.5823170731707317,0.75,0.2065636911548553,0.6908047309833023,0.5936131620479278,34,64,32,144,0.7142857142857143,0.6071428571428572,0.60625,0.8125,0.20134023261139494,0.6836734693877551,0.5847396822450949,2,5,1,13,K0
1,2026-09-06T19:03:55.657137+00:00,0.02,8,1,7076,20268886,1058,259,84,22,0,281,777,78,181,5,17,76,0,76,3.9502297322178492,0.0,3.9502297322178492,3602,False,[],1819.3197767734528,0.7065637065637066,0.7098030882561269,0.6827208252740167,0.7696969696969697,0.18561861124358858,0.8021674458138546,0.5529765834611502,56,22,54,127,0.7727272727272727,0.7823529411764706,0.7270471464019852,0.8387096774193549,0.15910284679925707,0.8705882352941177,0.4925722618561393,4,1,4,13,K0
1,2026-09-06T19:26:00.957981+00:00,0.02,8,2,7076,20268983,1072,245,85,21,0,301,771,58,187,5,16,69,0,69,4.028715866154016,0.0,4.028715866154016,2997,False,[],1325.267132282257,0.7183673469387755,0.5657385211137747,0.5697268955687342,0.8226221079691517,0.20303685926103437,0.5612668264798082,0.600748891738954,16,42,27,160,0.6666666666666666,0.50625,0.505050505050505,0.7878787878787878,0.20003756475935858,0.5,0.5938054333490752,1,4,3,13,K0
1,2026-09-06T19:47:40.935014+00:00,0.02,8,3,7076,20269080,1065,252,85,21,0,272,793,87,165,6,15,70,0,70,4.0828831230755895,0.0,4.0828831230755895,2570,False,[],1299.9427967071533,0.5992063492063492,0.5390804597701149,0.5391050830269997,0.7055393586005831,0.24955661863654444,0.5568094740508533,0.7070683252767441,30,57,44,121,0.7142857142857143,0.7,0.6785714285714286,0.7857142857142857,0.22438588792909536,0.5444444444444444,0.6454012129124319,4,2,4,11,K0
1,2026-09-06T20:02:48.083511+00:00,0.02,8,4,7076,20269177,1020,297,85,21,0,307,713,52,245,4,17,71,0,71,3.5078716815041844,0.0,3.5078716815041844,2082,False,[],907.1252329349518,0.8484848484848485,0.7642464678178964,0.7507134463656203,0.906832298136646,0.141630332074339,0.8835164835164835,0.45622526297830174,33,19,26,219,0.9047619047619048,0.8455882352941176,0.8455882352941176,0.9411764705882353,0.1355150671272743,0.9558823529411764,0.4503409862721198,3,1,1,16,K0
1,2026-09-06T20:22:57.641413+00:00,0.02,8,5,7076,20269274,1053,264,85,21,0,275,778,84,180,6,15,96,0,96,4.222460959950695,0.0,4.222460959950695,2287,False,[],1209.5221157073975,0.6628787878787878,0.5876984126984126,0.590483660130719,0.7626666666666667,0.19538156297412046,0.7380291005291005,0.5689868406779969,32,52,37,143,0.6190476190476191,0.48333333333333334,0.475,0.75,0.1864281544076962,0.7222222222222222,0.5509331219021091,1,5,3,12,K0
1,2026-09-06T20:44:47.850812+00:00,0.02,9,1,8085,20269895,1053,264,84,22,0,336,717,23,241,2,20,71,0,71,3.8800420052939444,0.0,3.8800420052939444,2547,False,[],1310.1754360198975,0.821969696969697,0.7845029767274039,0.6573038362747534,0.8948545861297539,0.14208299325153156,0.8695652173913044,0.4516377572961031,17,6,41,200,0.8181818181818182,0.9,0.6944444444444444,0.8888888888888888,0.14506341417750657,0.8999999999999999,0.46600684874267073,2,0,4,16,K0
1,2026-09-06T21:06:13.866553+00:00,0.02,9,2,8085,20269992,1026,291,85,21,0,262,764,97,194,6,15,77,0,77,3.889552691081917,0.0,3.889552691081917,2602,False,[],1285.982590675354,0.718213058419244,0.6984536082474226,0.6919283205949184,0.7819148936170213,0.18983596946495193,0.7725050483579551,0.5588794266237437,62,35,47,147,0.7619047619047619,0.7333333333333334,0.7214854111405835,0.8275862068965517,0.1856203736276428,0.7555555555555555,0.555464977473904,4,2,3,12,K0
1,2026-09-06T21:23:58.440353+00:00,0.02,9,3,8085,20270089,1047,270,85,21,0,251,796,108,162,8,13,74,0,74,4.179128658492118,0.0,4.179128658492118,2129,False,[],1064.5384635925293,0.6777777777777778,0.6203703703703703,0.6122418659931659,0.7716535433070866,0.23720859386163365,0.5932213077274806,0.6863021211613166,36,72,15,147,0.7619047619047619,0.6875,0.6920821114369502,0.8387096774193549,0.2005791997695955,0.673076923076923,0.5907694586730909,3,5,0,13,K0
1,2026-09-06T21:49:26.709670+00:00,0.02,9,4,8085,20270186,1087,230,85,21,0,274,813,85,145,6,15,78,0,78,4.1740392381252605,0.0,4.1740392381252605,2953,False,[],1528.245025396347,0.5782608695652174,0.5584178498985801,0.5564524145609256,0.6548042704626335,0.24128322032100374,0.626288032454361,0.6873214017713076,41,44,53,92,0.6190476190476191,0.5833333333333333,0.5714285714285714,0.7142857142857143,0.2310470923782634,0.6666666666666667,0.6543294565186291,3,3,5,10,K0
1,2026-09-06T22:14:16.060246+00:00,0.02,9,5,8085,20270283,1055,262,85,21,0,313,742,46,216,4,17,73,0,73,3.8720692261122167,0.0,3.8720692261122167,3141,False,[],1489.3274517059326,0.8206106870229007,0.75432769726248,0.7240189157085546,0.8872901678657075,0.1672854256486075,0.723178341384863,0.5841708858527492,30,16,31,185,0.8571428571428571,0.8161764705882353,0.7878787878787878,0.9090909090909091,0.16782381685495254,0.6911764705882353,0.530424701625663,3,1,2,15,K0
1,2026-09-06T22:31:45.030198+00:00,0.02,10,1,9094,20270904,1072,245,85,21,0,247,825,112,133,8,13,70,0,70,4.052846675793262,0.0,4.052846675793262,2042,False,[],1048.935584306717,0.5183673469387755,0.5077537593984962,0.5044906074317839,0.5874125874125874,0.3192543040331297,0.4607948442534909,0.9057343611431747,43,69,49,84,0.47619047619047616,0.4567307692307692,0.4564705882352942,0.56,0.2991833149418856,0.49038461538461536,0.8283115884026427,3,5,6,7,K0
1,2026-09-06T22:53:42.720171+00:00,0.02,10,2,9094,20271001,1034,283,84,22,0,305,729,54,229,4,18,74,0,74,3.8904943236266263,0.0,3.8904943236266263,2674,False,[],1317.6553285121918,0.833922261484099,0.7912421154779233,0.7587120181405895,0.8934240362811792,0.15559682739057973,0.8524987869966036,0.4878252032804575,39,15,32,197,0.9090909090909091,0.8472222222222222,0.8472222222222222,0.9444444444444444,0.15160346937595215,0.8472222222222221,0.4859855071088687,3,1,1,17,K0
1,2026-09-06T23:30:19.442169+00:00,0.02,10,3,9094,20271098,1054,263,85,21,0,311,743,48,215,3,18,62,0,62,3.861127970390953,0.0,3.861127970390953,4275,False,[],2196.698203086853,0.6273764258555133,0.6021802325581396,0.5466155361666197,0.7379679144385026,0.20771798641706865,0.6983527131782946,0.6003848369636434,27,21,77,138,0.6190476190476191,0.6388888888888888,0.5333333333333333,0.7333333333333333,0.19958470306664144,0.6481481481481481,0.576115248614759,2,1,7,11,K0
1,2026-09-06T23:54:13.028423+00:00,0.02,10,4,9094,20271195,1077,240,85,21,0,293,784,66,174,5,16,77,0,77,4.102186323289061,0.0,4.102186323289061,2732,False,[],1433.5529735088348,0.8583333333333333,0.8505747126436782,0.8313492063492063,0.8988095238095238,0.13699008129467724,0.9329501915708812,0.44636485669692855,55,11,23,151,0.9047619047619048,0.86875,0.86875,0.9375,0.13028554595838104,0.9875,0.4402930445638361,4,1,1,15,K0
1,2026-09-07T00:19:16.579588+00:00,0.02,10,5,9094,20271292,1031,286,85,21,0,280,751,79,207,6,15,82,0,82,4.024782676628092,0.0,4.024782676628092,3001,False,[],1503.5158052444458,0.7097902097902098,0.5842658839356693,0.5891017984802064,0.8117913832199547,0.19585345049382494,0.6435516419005687,0.5755683716727272,24,55,28,179,0.7619047619047619,0.5833333333333334,0.5714285714285714,0.8571428571428571,0.18637273153051603,0.6666666666666666,0.5566138321002406,1,5,0,15,K0
1,2026-09-07T00:38:29.472942+00:00,0.02,11,1,10103,20271913,1073,244,84,22,0,295,778,64,180,5,17,71,0,71,4.023762472963426,0.0,4.023762472963426,2277,False,[],1152.8580207824707,0.7172131147540983,0.6321180555555556,0.6327785896569024,0.8088642659279779,0.1911297715267014,0.7034722222222222,0.5605643453904686,29,35,34,146,0.6818181818181818,0.5117647058823529,0.5111111111111111,0.8,0.19186405925683878,0.6705882352941176,0.5656314261059664,1,4,3,14,K0
1,2026-09-07T00:59:48.415455+00:00,0.02,11,2,10103,20272010,1019,298,85,21,0,338,681,21,277,2,19,77,0,77,3.7958051750902086,0.0,3.7958051750902086,2651,False,[],1278.9188578128815,0.8120805369127517,0.7228812102458312,0.6040618771946474,0.8910505836575876,0.15184751877126304,0.8347945676465531,0.47663490978493,13,8,48,229,0.8571428571428571,0.6973684210526316,0.6594594594594595,0.918918918918919,0.14718433885181234,0.868421052631579,0.4736636639164833,1,1,2,17,K0
1,2026-09-07T01:27:08.048298+00:00,0.02,11,3,10103,20272107,1055,262,85,21,0,295,760,64,198,5,16,62,0,62,3.945335329743102,0.0,3.945335329743102,3310,False,[],1639.5980775356293,0.6946564885496184,0.5600536616161615,0.5624947816648577,0.8029556650246306,0.19196441864967606,0.6521464646464645,0.5641638434870179,19,45,35,163,0.6666666666666666,0.50625,0.505050505050505,0.7878787878787878,0.18787177036764582,0.6625,0.5550301776470747,1,4,3,13,K0
1,2026-09-07T01:54:32.013842+00:00,0.02,11,4,10103,20272204,1081,236,85,21,0,269,812,90,146,7,14,71,0,71,4.303389941793284,0.0,4.303389941793284,3101,False,[],1643.930474281311,0.6694915254237288,0.6242009132420092,0.6265822784810127,0.7531645569620253,0.21935156027538766,0.6861491628614916,0.6321831957420181,39,51,27,119,0.7142857142857143,0.6428571428571428,0.65,0.8,0.19056138100128606,0.7040816326530612,0.568601918290897,3,4,2,12,K0
1,2026-09-07T02:08:56.162859+00:00,0.02,11,5,10103,20272301,1040,277,85,21,0,239,801,120,157,7,14,78,0,78,3.8617062779376283,0.0,3.8617062779376283,1762,False,[],864.115234375,0.628158844765343,0.6091295116772824,0.6085477121492763,0.696165191740413,0.2542882092160676,0.5940552016985138,0.7341686724904642,56,64,39,118,0.6190476190476191,0.5714285714285714,0.5714285714285714,0.7142857142857143,0.2040666744745161,0.6938775510204082,0.607274357318199,3,4,4,10,K0
1,2026-09-07T02:29:52.756890+00:00,0.02,12,1,11112,20272922,1050,267,85,21,0,243,807,116,151,8,13,84,0,84,4.19554014201276,0.0,4.19554014201276,2537,False,[],1256.5695469379425,0.6554307116104869,0.6354190454441654,0.6351158645276292,0.7212121212121212,0.22739593802646524,0.6961064169901805,0.6511952818858301,56,60,32,119,0.7142857142857143,0.6730769230769231,0.6785714285714286,0.7857142857142857,0.2120363328065797,0.7019230769230769,0.6096094223359939,4,4,2,11,K0
1,2026-09-07T02:53:38.774761+00:00,0.02,12,2,11112,20273019,1060,257,84,22,0,307,753,52,205,4,18,68,0,68,3.986124887771439,0.0,3.986124887771439,2831,False,[],1425.9936912059784,0.7665369649805448,0.6957786116322702,0.6738578680203046,0.8477157360406091,0.16572924195846228,0.7843339587242026,0.5020269586927862,30,22,38,167,0.7727272727272727,0.6666666666666667,0.6507936507936507,0.8571428571428571,0.17277703613098613,0.7361111111111112,0.5186839564702624,2,2,3,15,K0
1,2026-09-07T03:29:54.448928+00:00,0.02,12,3,11112,20273116,1045,272,85,21,0,275,770,84,188,6,15,65,0,65,4.011205868882826,0.0,4.011205868882826,4240,False,[],2175.649524450302,0.6544117647058824,0.5590172239108409,0.5599917395195153,0.7638190954773869,0.22870367020229654,0.6293693009118542,0.6530266044219033,26,58,36,152,0.6666666666666666,0.5666666666666667,0.5689149560117301,0.7741935483870968,0.20284961735822918,0.6888888888888889,0.5819202588467043,2,4,3,12,K0
1,2026-09-07T03:57:55.897034+00:00,0.02,12,4,11112,20273213,1052,265,85,21,0,319,733,40,225,4,17,76,0,76,3.840275764654507,0.0,3.840275764654507,3294,False,[],1681.4236736297607,0.7169811320754716,0.7202777777777778,0.6235866744948012,0.8110831234256927,0.17601571368544633,0.8117777777777777,0.527537906780914,29,11,64,161,0.8095238095238095,0.8823529411764706,0.7666666666666666,0.8666666666666667,0.1725151846651214,0.8970588235294117,0.5279568398784508,4,0,4,13,K0
1,2026-09-07T04:24:10.366536+00:00,0.02,12,5,11112,20273310,1061,256,85,21,0,292,769,67,189,4,17,82,0,82,3.930488229787443,0.0,3.930488229787443,2942,False,[],1574.445793390274,0.72265625,0.6724709784411277,0.6612431273879416,0.8054794520547945,0.19088051982355664,0.7492695253889284,0.5644374627393167,38,29,42,147,0.7619047619047619,0.6617647058823529,0.6464646464646464,0.8484848484848485,0.1743923385817006,0.8382352941176471,0.5311688200371656,2,2,3,14,K0
1,2026-09-07T04:51:55.563127+00:00,0.02,13,1,12121,20273931,1048,269,84,22,0,248,800,111,158,8,14,73,0,73,3.9853315648870193,0.0,3.9853315648870193,3164,False,[],1665.1619427204132,0.7732342007434945,0.7640837039571217,0.7651193083408483,0.8087774294670846,0.16422156465260257,0.8648078458205041,0.5063653054613736,79,32,29,129,0.8636363636363636,0.8660714285714286,0.8562091503267973,0.8888888888888888,0.14887814920167017,0.9375,0.4781072731513898,7,1,2,12,K0
1,2026-09-07T05:20:33.339381+00:00,0.02,13,2,12121,20274028,1041,276,85,21,0,284,757,75,201,5,16,75,0,75,4.0298761142476,0.0,4.0298761142476,3411,False,[],1717.7521073818207,0.7065217391304348,0.6146268656716418,0.6177612118932412,0.8019559902200489,0.20598874322765784,0.6445107794361526,0.5955301881474693,31,44,37,164,0.7142857142857143,0.60625,0.60625,0.8125,0.21321839158437617,0.6,0.6166281295046454,2,3,3,13,K0
1,2026-09-07T05:45:06.431976+00:00,0.02,13,3,12121,20274125,1093,224,85,21,0,311,782,48,176,3,18,72,0,72,3.987279096036218,0.0,3.987279096036218,2700,False,[],1473.0570781230927,0.7455357142857143,0.6714015151515151,0.6544613136315661,0.831858407079646,0.19251428503934712,0.7082741477272726,0.5755786422350077,26,22,35,141,0.8095238095238095,0.75,0.6911764705882353,0.8823529411764706,0.18724335068596482,0.6111111111111112,0.5645500423766786,2,1,3,15,K0
1,2026-09-07T06:05:50.424415+00:00,0.02,13,4,12121,20274222,1046,271,85,21,0,295,751,64,207,5,16,80,0,80,4.088078810309526,0.0,4.088078810309526,2478,False,[],1243.9579071998596,0.7933579335793358,0.6326615338164252,0.6512226512226512,0.8738738738738738,0.14959264077287476,0.7946859903381642,0.46631097605741334,21,43,13,194,0.8095238095238095,0.6,0.611111111111111,0.8888888888888888,0.14146255001784291,0.8625,0.4524531675240307,1,4,0,16,K0
1,2026-09-07T06:25:32.057245+00:00,0.02,13,5,12121,20274319,1040,277,85,21,0,298,742,61,216,5,16,65,0,65,3.8041450144082773,0.0,3.8041450144082773,2605,False,[],1181.6084342002869,0.6534296028880866,0.5425015179113539,0.5367892976588629,0.7692307692307693,0.22929387660997944,0.5251214329083181,0.6623141462158708,21,40,56,160,0.6190476190476191,0.54375,0.5333333333333333,0.7333333333333333,0.2209557426285184,0.5874999999999999,0.6332300241363926,2,3,5,11,K0
1,2026-09-07T06:50:46.423228+00:00,0.02,14,1,13130,20274940,1042,275,84,22,0,252,790,107,168,7,15,72,0,72,4.003123223752482,0.0,4.003123223752482,3038,False,[],1514.3419616222382,0.5854545454545454,0.5249777481085892,0.5114996260284218,0.7015706806282722,0.2691232569189773,0.5268135291499778,0.7634631252074604,27,80,34,134,0.6363636363636364,0.5428571428571429,0.5416666666666666,0.75,0.23624312841146367,0.5619047619047619,0.667704682887334,2,5,3,12,K0
1,2026-09-07T07:17:45.620594+00:00,0.02,14,2,13130,20275037,1064,253,85,21,0,309,755,50,203,4,17,67,0,67,4.040894168429077,0.0,4.040894168429077,2848,False,[],1619.161992073059,0.849802371541502,0.7782758620689656,0.7700440107156525,0.9054726368159204,0.13164515432762716,0.8867980295566503,0.4316905985741446,33,17,21,182,0.9047619047619048,0.8455882352941176,0.8455882352941176,0.9411764705882353,0.1335004263084826,0.9117647058823529,0.4425983927287361,3,1,1,16,K0
1,2026-09-07T07:32:52.729019+00:00,0.02,14,3,13130,20275134,1045,272,85,21,0,274,771,85,187,6,15,78,0,78,3.8941304734908044,0.0,3.8941304734908044,1719,False,[],907.0739722251892,0.6654411764705882,0.5834224598930481,0.5862460926399545,0.7672634271099744,0.2191231475259885,0.6290342875117961,0.6297411249592639,31,54,37,150,0.6666666666666666,0.5666666666666667,0.5689149560117301,0.7741935483870968,0.2031962469335933,0.6444444444444445,0.5965286257863679,2,4,3,12,K0
1,2026-09-07T07:55:28.991092+00:00,0.02,14,4,13130,20275231,1045,272,85,21,0,327,718,32,240,2,19,78,0,78,3.8447661014506593,0.0,3.8447661014506593,2594,False,[],1356.2374861240387,0.7794117647058824,0.834375,0.6753401766531392,0.8591549295774648,0.16407933985978515,0.9079427083333333,0.5018330707271419,29,3,57,183,0.8571428571428571,0.9210526315789473,0.7428571428571429,0.9142857142857143,0.1490955518081677,0.9473684210526316,0.47749922627018193,2,0,3,16,K0
1,2026-09-07T08:21:54.791337+00:00,0.02,14,5,13130,20275328,1072,245,85,21,0,274,798,85,160,7,14,69,0,69,4.007043681302093,0.0,4.007043681302093,3249,False,[],1585.7648475170135,0.6530612244897959,0.6102941176470589,0.6116550116550117,0.7384615384615385,0.20539529547061375,0.7058088235294118,0.5918790580006839,40,45,40,120,0.7619047619047619,0.7142857142857142,0.7214854111405835,0.8275862068965517,0.19096394469059386,0.7448979591836735,0.5647161561436672,4,3,2,12,K0
1,2026-09-07T08:45:52.463780+00:00,0.02,15,1,14139,20275949,1065,252,84,22,0,274,791,85,167,7,15,82,0,82,4.09435541566927,0.0,4.09435541566927,2670,False,[],1437.6381573677063,0.7738095238095238,0.7513561113067981,0.7491573965737037,0.8277945619335347,0.17464116259220205,0.8123987319478689,0.5521782833477927,58,27,30,137,0.7727272727272727,0.7571428571428571,0.7471264367816092,0.8275862068965517,0.1772066056703573,0.819047619047619,0.5371684135422903,5,2,3,12,K0
1,2026-09-07T09:07:17.448848+00:00,0.02,15,2,14139,20276046,1056,261,85,21,0,308,748,51,210,4,17,81,0,81,3.984835244133137,0.0,3.984835244133137,3041,False,[],1284.9503736495972,0.632183908045977,0.4522408963585434,0.4543554006968641,0.7658536585365854,0.24050652463998073,0.4955182072829132,0.6889463554905827,8,43,53,157,0.6190476190476191,0.47794117647058826,0.475,0.75,0.22376562663155905,0.5147058823529411,0.6404832530805743,1,3,5,12,K0
1,2026-09-07T09:27:17.819062+00:00,0.02,15,3,14139,20276143,1047,270,85,21,0,283,764,76,194,6,15,69,0,69,3.812040732242167,0.0,3.812040732242167,2240,False,[],1200.3358285427094,0.8037037037037037,0.7593597395550733,0.7583219334245326,0.8630490956072352,0.1642688613117631,0.8665897992403689,0.5299818117403493,50,26,27,167,0.9047619047619048,0.8833333333333333,0.8833333333333333,0.9333333333333333,0.15456162525433448,0.9555555555555556,0.4913514071858951,5,1,1,14,K0
1,2026-09-07T09:47:25.476124+00:00,0.02,15,4,14139,20276240,1018,299,85,21,0,279,739,80,219,5,16,75,0,75,3.911003525616252,0.0,3.911003525616252,2328,False,[],1207.619963169098,0.7157190635451505,0.6036244292237443,0.6093906093906094,0.8131868131868132,0.20580180751140864,0.6235730593607306,0.6089757989145984,29,51,34,185,0.7619047619047619,0.6375,0.6464646464646464,0.8484848484848485,0.19652116411711487,0.625,0.5811055619374194,2,3,2,14,K0
1,2026-09-07T10:04:04.235434+00:00,0.02,15,5,14139,20276337,1082,235,85,21,0,292,790,67,168,4,17,90,0,90,4.106276487815194,0.0,4.106276487815194,2057,False,[],998.7345705032349,0.7702127659574468,0.7136638237384506,0.7155728886498117,0.8402366863905325,0.1683087408892924,0.7825159914712153,0.5131085709185346,39,28,26,142,0.8571428571428571,0.7205882352941176,0.7428571428571429,0.9142857142857143,0.14912371381804912,0.7941176470588236,0.47683937921828784,2,2,1,16,K0
1,2026-09-07T10:24:30.015212+00:00,0.02,16,1,15148,20276958,1057,260,84,22,0,326,731,33,227,3,19,80,0,80,4.04139767982997,0.0,4.04139767982997,2294,False,[],1225.7549118995667,0.676923076923077,0.6077960218929381,0.539590184669871,0.7910447761194029,0.22453308064515273,0.6295554665598719,0.6571651491563629,17,16,68,159,0.7272727272727273,0.7017543859649122,0.611764705882353,0.8235294117647058,0.2038683035134271,0.6491228070175439,0.5986512897484085,2,1,5,14,K0
1,2026-09-07T10:41:38.289677+00:00,0.02,16,2,15148,20277055,1063,254,85,21,0,305,758,54,200,5,16,82,0,82,4.045928901294246,0.0,4.045928901294246,2335,False,[],1028.240808725357,0.7716535433070866,0.6725,0.6678391053391053,0.8535353535353535,0.16475366175697703,0.7687037037037037,0.5025665368744184,27,27,31,169,0.8095238095238095,0.7375,0.7375,0.875,0.16993995424989336,0.7375,0.5225575490779635,3,2,2,14,K0
1,2026-09-07T11:09:27.322480+00:00,0.02,16,3,15148,20277152,1053,264,85,21,0,242,811,117,147,8,13,70,0,70,4.155636932526249,0.0,4.155636932526249,3498,False,[],1668.9982271194458,0.5946969696969697,0.5915750915750916,0.5910295203486268,0.629757785467128,0.23158887474053963,0.6565497994069424,0.6512538606188392,66,51,56,91,0.6190476190476191,0.6442307692307692,0.6181818181818182,0.6363636363636364,0.20965656347320927,0.6923076923076923,0.6014138390296104,6,2,6,7,K0
1,2026-09-07T11:31:48.018101+00:00,0.02,16,4,15148,20277249,1040,277,85,21,0,267,773,92,185,5,16,67,0,67,3.7367358870687895,0.0,3.7367358870687895,2419,False,[],1340.6719632148743,0.6534296028880866,0.5574911868390129,0.5535858178887993,0.7647058823529411,0.2569507367033011,0.4774383078730905,0.7486271887888434,25,67,29,156,0.8571428571428571,0.7,0.7428571428571429,0.9142857142857143,0.19700604090723528,0.6375,0.6016553021281128,2,3,0,16,K0
1,2026-09-07T12:08:51.727768+00:00,0.02,16,5,15148,20277346,1055,262,85,21,0,296,759,63,199,5,16,70,0,70,4.120910043202457,0.0,4.120910043202457,4482,False,[],2223.6748819351196,0.7709923664122137,0.6539842067480258,0.6636713735558408,0.8536585365853658,0.19008352859001348,0.6247507378160644,0.5807057732479314,27,36,24,175,0.7619047619047619,0.6375,0.6464646464646464,0.8484848484848485,0.21180640988918917,0.5249999999999999,0.6229144350702915,2,3,2,14,K0
1,2026-09-07T12:28:10.433260+00:00,0.02,17,1,16157,20277967,1016,301,84,22,0,220,796,139,162,8,14,69,0,69,3.829751902492717,0.0,3.829751902492717,2213,False,[],1158.6717841625214,0.5913621262458472,0.5784927613464783,0.5720131784289926,0.663013698630137,0.2806223328486894,0.5355049293898215,0.8086299855652278,57,82,41,121,0.6818181818181818,0.6428571428571428,0.6459770114942529,0.7586206896551724,0.24825162366721995,0.5535714285714285,0.7139746792477829,4,4,3,11,K0
1,2026-09-07T12:56:24.319670+00:00,0.02,17,2,16157,20278064,1060,257,85,21,0,319,741,40,217,3,18,71,0,71,3.8793220895458944,0.0,3.8793220895458944,3406,False,[],1693.8511583805084,0.8871595330739299,0.7700460829493088,0.778507533656275,0.9336384439359268,0.11484141208691581,0.9086405529953917,0.3961809176624449,24,16,13,204,0.9523809523809523,0.8333333333333333,0.8864864864864865,0.972972972972973,0.10834784808438937,1.0,0.389537173024901,2,1,0,18,K0
1,2026-09-07T13:15:36.328071+00:00,0.02,17,3,16157,20278161,1056,261,85,21,0,273,783,86,175,6,15,74,0,74,4.05622647365999,0.0,4.05622647365999,2388,False,[],1151.9745600223541,0.7547892720306514,0.6929568106312293,0.7029871977240398,0.827027027027027,0.1681476499551998,0.7945514950166114,0.5069271365378398,44,42,22,153,0.8095238095238095,0.7166666666666667,0.7375,0.875,0.1572172997796272,0.8222222222222222,0.4874950812747742,3,3,1,14,K0
1,2026-09-07T13:46:57.260093+00:00,0.02,17,4,16157,20278258,1081,236,85,21,0,323,758,36,200,4,17,61,0,61,3.9531519936281256,0.0,3.9531519936281256,3268,False,[],1880.898119211197,0.673728813559322,0.5683333333333334,0.5347074638330559,0.7890410958904109,0.20763063412330304,0.5954166666666666,0.6031643960183696,15,21,56,144,0.7619047619047619,0.6617647058823529,0.6464646464646464,0.8484848484848485,0.20048897319580683,0.6470588235294117,0.5863306054180252,2,2,3,14,K0
1,2026-09-07T14:06:17.948693+00:00,0.02,17,5,16157,20278355,1055,262,85,21,0,301,754,58,204,5,16,80,0,80,4.133831378654577,0.0,4.133831378654577,2449,False,[],1160.6547379493713,0.767175572519084,0.677738336713996,0.6722515021635256,0.8486352357320099,0.18029154579405876,0.7024171737660581,0.5401426671736539,30,28,33,171,0.8095238095238095,0.7375,0.7375,0.875,0.1798063108872577,0.7,0.5441536842919137,3,2,2,14,K0
1,2026-09-07T14:47:20.681660+00:00,0.02,18,1,17166,20278976,1081,236,85,21,0,280,801,79,157,6,15,70,0,70,4.166282815625891,0.0,4.166282815625891,4617,False,[],2462.6993930339813,0.6694915254237288,0.6383939369507377,0.6355717453278429,0.7467532467532467,0.23582226788261626,0.6064258647101508,0.6934321698754132,43,36,42,115,0.6666666666666666,0.6166666666666667,0.6100795755968169,0.7586206896551724,0.21883883497530443,0.6000000000000001,0.6419671915681052,3,3,4,11,K0
1,2026-09-07T15:12:41.095310+00:00,0.02,18,2,17166,20279073,1045,272,85,21,0,308,737,51,221,4,17,65,0,65,3.79785104165785,0.0,3.79785104165785,3009,False,[],1520.3795087337494,0.875,0.8476621417797889,0.8137286496938447,0.9205607476635514,0.12897896461093955,0.916600124212581,0.4282994991485872,41,10,24,197,0.9523809523809523,0.875,0.9142857142857143,0.9714285714285714,0.12881181911130843,0.8970588235294118,0.43372605910993495,3,1,0,17,K0
1,2026-09-07T15:41:12.304433+00:00,0.02,18,3,17166,20279170,1036,281,84,22,0,273,763,86,195,6,16,79,0,79,4.066925145802088,0.0,4.066925145802088,3340,False,[],1711.1858546733856,0.7330960854092526,0.7329457364341085,0.7095547194774052,0.7922437673130194,0.18600073739082504,0.7954680977936792,0.542795212322804,63,23,52,143,0.7272727272727273,0.7083333333333333,0.6857142857142857,0.8,0.196136906950292,0.7916666666666667,0.5713248635676668,4,2,4,12,K0
1,2026-09-07T15:54:44.228798+00:00,0.02,18,4,17166,20279267,1040,277,85,21,0,295,745,64,213,4,17,72,0,72,3.900206905324012,0.0,3.900206905324012,1971,False,[],811.8883287906647,0.7220216606498195,0.6389011150234742,0.6302504983964636,0.8144578313253013,0.21340363200737997,0.5960607394366197,0.6324194889083529,31,33,44,169,0.8095238095238095,0.7867647058823529,0.7375,0.875,0.18245012987852377,0.6764705882352942,0.5566943683765528,3,1,3,14,K0
1,2026-09-07T16:25:10.913953+00:00,0.02,18,5,17166,20279364,1066,251,85,21,0,280,786,79,172,6,15,63,0,63,4.082993574556895,0.0,4.082993574556895,3673,False,[],1826.6611533164978,0.6095617529880478,0.520054459817486,0.5188184663536776,0.7277777777777777,0.22702285820520313,0.656461583750368,0.6379957840027425,22,57,41,131,0.6190476190476191,0.48333333333333334,0.475,0.75,0.21317406936771677,0.6333333333333333,0.6066079786930261,1,5,3,12,K0
1,2026-09-07T16:42:15.766260+00:00,0.02,19,1,18175,20279985,1064,253,84,22,0,291,773,68,185,5,17,76,0,76,4.041374861786608,0.0,4.041374861786608,2026,False,[],1024.8187067508698,0.7786561264822134,0.7184419713831478,0.7184419713831478,0.8486486486486486,0.17034225441391054,0.7871224165341812,0.5208997645933062,40,28,28,157,0.8636363636363636,0.8411764705882353,0.8181818181818181,0.9090909090909091,0.16148404032106264,0.7764705882352942,0.5018313507910634,4,1,2,15,K0
1,2026-09-07T16:57:30.175214+00:00,0.02,19,2,18175,20280082,1016,301,85,21,0,276,740,83,218,5,16,70,0,70,3.792432861519046,0.0,3.792432861519046,2064,False,[],914.3742289543152,0.6976744186046512,0.608489001879076,0.6111276743756833,0.7945823927765236,0.2046668342802966,0.6466231900077374,0.5965035481523211,34,49,42,176,0.7142857142857143,0.675,0.65,0.8,0.20233096828945063,0.6,0.5877625210325513,3,2,4,12,K0
1,2026-09-07T17:12:17.884201+00:00,0.02,19,3,18175,20280179,1078,239,85,21,0,287,791,72,167,6,15,88,0,88,4.124373660248239,0.0,4.124373660248239,1825,False,[],887.6840064525604,0.7489539748953975,0.6978958749168329,0.6994466800804828,0.8214285714285714,0.18224574595800475,0.7657185628742514,0.5487025676768392,41,31,29,138,0.7619047619047619,0.6833333333333333,0.6920821114369502,0.8387096774193549,0.1708010370712801,0.8111111111111111,0.5222257058049147,3,3,2,13,K0
1,2026-09-07T17:37:52.294913+00:00,0.02,19,4,18175,20280276,1049,268,85,21,0,292,757,67,201,4,17,69,0,69,3.952224543725606,0.0,3.952224543725606,3358,False,[],1534.374948978424,0.6567164179104478,0.5621890547263682,0.559305068992636,0.766497461928934,0.2028843239799091,0.6685601841538575,0.5868412544879544,25,42,50,151,0.8095238095238095,0.6911764705882353,0.6911764705882353,0.8823529411764706,0.17389430681891122,0.75,0.5309919103609818,2,2,2,15,K0
1,2026-09-07T18:02:24.778539+00:00,0.02,19,5,18175,20280373,1061,256,85,21,0,290,771,69,187,6,15,71,0,71,4.187734886305407,0.0,4.187734886305407,3377,False,[],1472.4601180553436,0.77734375,0.6966984422227389,0.7046572348047848,0.8511749347258486,0.16767458303966193,0.7537006897620708,0.5119678387565976,36,33,24,163,0.8571428571428571,0.8,0.81524926686217,0.9032258064516129,0.1591983632995866,0.8222222222222223,0.5013960243774532,4,2,1,14,K0
1,2026-09-07T18:22:58.577625+00:00,0.02,20,1,19184,20280994,1060,257,84,22,0,316,744,43,214,3,19,81,0,81,3.9119066637940705,0.0,3.9119066637940705,2483,False,[],1233.7643036842346,0.7470817120622568,0.7366333405781351,0.6601151600236017,0.8320413436692506,0.1650497843805394,0.8378613344925016,0.5052518877266203,31,12,53,161,0.8181818181818182,0.8947368421052632,0.7411764705882353,0.8823529411764706,0.1559339681496274,0.9298245614035088,0.4924312546845113,3,0,4,15,K0
1,2026-09-07T18:51:30.076502+00:00,0.02,20,2,19184,20281091,1063,254,85,21,0,312,751,47,207,3,18,81,0,81,4.045346884309765,0.0,4.045346884309765,3090,False,[],1711.4750127792358,0.7795275590551181,0.7413917154897729,0.6945017182130584,0.8556701030927835,0.16581525580815548,0.7724329324699352,0.5107632809507393,32,15,41,166,0.8095238095238095,0.75,0.6911764705882353,0.8823529411764706,0.17094500625210968,0.6851851851851852,0.52339867818721,2,1,3,15,K0
1,2026-09-07T19:23:11.450905+00:00,0.02,20,3,19184,20281188,1072,245,85,21,0,279,793,80,165,7,14,65,0,65,3.999603684860631,0.0,3.999603684860631,3682,False,[],1901.3399679660797,0.6448979591836734,0.5528409090909091,0.5510835913312693,0.7563025210084033,0.23127304398285375,0.5997348484848485,0.7533785814256841,23,57,30,135,0.6666666666666666,0.5714285714285714,0.5689149560117301,0.7741935483870968,0.2248569432580209,0.6122448979591837,0.6807943329955753,2,5,2,12,K0
1,2026-09-07T19:39:59.508250+00:00,0.02,20,4,19184,20281285,1000,317,85,21,0,240,760,119,198,7,14,76,0,76,3.7895841826102696,0.0,3.7895841826102696,1955,False,[],1008.0338861942291,0.6277602523659306,0.5695823784059078,0.5666991011027708,0.7293577981651376,0.2527712901004505,0.5557889822595704,0.7179649827846301,40,79,39,159,0.7142857142857143,0.6428571428571428,0.65,0.8,0.20589579696739238,0.653061224489796,0.6029845388773322,3,4,2,12,K0
1,2026-09-07T20:02:44.546568+00:00,0.02,20,5,19184,20281382,1073,244,85,21,0,289,784,70,174,6,15,71,0,71,4.126635235734284,0.0,4.126635235734284,2987,False,[],1365.002622127533,0.8114754098360656,0.765353037766831,0.7676190476190476,0.8685714285714285,0.15392772281841707,0.8676518883415435,0.4825313943584478,46,24,22,152,0.8571428571428571,0.8500000000000001,0.8328912466843501,0.896551724137931,0.15113486285572372,0.9111111111111111,0.4824443554244256,5,1,2,13,K0
